OrigZip2,DestAirport,FirstClass,BusinessClass,MainCabin,Economy
1,ABE,0.074,3.086,2.243,0.383
1,BFI,0.176,4.306,4.025,0.46
1,BNA,0.001,1.495,0.96,0.076
1,BWI,0.001,0.756,0.91,0.089
1,CAE,0.029,0.48,0.299,0.132
1,CHA,0.117,4.527,4.181,0.383
1,DFW,0.28,4.795,4.531,0.406
1,EWR,0.089,3.073,2.694,0.385
1,IND,1.392,7.859,9.303,0.713
1,LEX,0.429,11.861,7.572,0.747
1,MKE,0.001,1.594,1.927,0.336
1,OAK,0.015,0.741,0.389,0.061
1,ONT,0.015,1.148,0.979,0.164
1,PHL,0.015,1.148,0.963,0.149
1,PHX,0,0.264,0.415,0.046
1,RIC,0.001,1.177,1.075,0.279
1,TPA,0.044,0.802,0.774,0.163
2,ABE,0.393,4.11,4.025,0.526
2,BFI,0.933,6.735,5.229,0.487
2,BNA,0.208,3.809,2.951,0.395
2,BWI,0.593,3.943,3.575,0.412
2,CAE,0.068,1.891,1.311,0.274
2,CHA,0.034,0.81,0.482,0.02
2,DFW,0,0.171,0.276,0.001
2,EWR,0,0.07,0.157,0.052
2,IND,0.052,3.673,2.922,0.528
2,LEX,0.035,2.885,2.403,0.277
2,MKE,0.001,1.994,1.923,0.142
2,OAK,0.445,5.143,3.736,0.366
2,ONT,0.001,0.693,0.436,0.019
2,PHL,0.172,2.817,2.838,0.466
2,PHX,0.414,6.249,7.315,0.617
2,RIC,0.053,2.38,2.216,0.144
2,TPA,0.001,1.401,1.215,0.088
3,ABE,0.045,1.155,0.914,0.007
3,BFI,0.222,5.825,5.254,0.722
3,BNA,0.001,1.334,0.971,0.14
3,BWI,0.002,0.849,1.304,0.006
3,CAE,0.045,2.208,1.801,0.228
3,CHA,0,0.882,0.674,0.091
3,DFW,0.001,0.883,0.236,0.091
3,EWR,0.003,7.035,3.547,0.541
3,IND,0.003,5.476,5.07,0.462
3,LEX,0.09,7.52,4.997,1.068
3,MKE,0.406,5.381,3.127,0.196
3,OAK,0.002,3.345,1.405,0.273
3,ONT,0.092,7.034,5.265,0.871
3,PHL,0.046,3.008,1.695,0.235
3,PHX,0.045,1.899,1.485,0.052
3,RIC,0,0.442,0.011,0.002
3,TPA,0.045,1.108,0.82,0.007
4,ABE,0.04,2.713,1.782,0.097
4,BFI,0.04,0.824,1.312,0.05
4,BNA,0.041,2.267,3.39,0.485
4,BWI,0.001,0.317,0.753,0.006
4,CAE,0.001,0.201,0.555,0.042
4,CHA,0.078,1.005,0.562,0.081
4,DFW,0.039,1.202,0.494,0.083
4,EWR,2.56,24.917,17.501,2.045
4,IND,0.002,2.508,1.655,0.086
4,LEX,0.078,2.652,1.486,0.351
4,MKE,0.002,5.345,5.123,0.51
4,OAK,0.001,1.892,1.189,0.046
4,ONT,0.001,0.973,0.68,0.235
4,PHL,0.039,2.884,1.535,0.122
4,PHX,0.039,0.164,0.482,0.004
4,RIC,0.001,2.044,1.8,0.123
4,TPA,0,0.423,0.043,0.001
5,ABE,0.089,2.673,2.943,0.096
5,BFI,0.001,0.882,0.602,0.12
5,BNA,0.001,1.149,1.019,0.006
5,BWI,0.001,2.4,2.015,0.063
5,CAE,0.088,1.177,1.019,0.063
5,CHA,0.807,6.792,5.304,0.309
5,DFW,0.068,2.966,2.256,0.273
5,EWR,0.208,9.746,7.837,0.865
5,IND,0.309,6.356,5.023,0.454
5,LEX,0.001,0.916,0.699,0.034
5,MKE,0.12,6.126,5.459,0.691
5,OAK,0.001,0.649,0.834,0.149
5,ONT,0.001,0.414,0.333,0.061
5,PHL,0.059,0.805,0.856,0.065
5,PHX,0.002,2.68,1.45,0.216
5,RIC,0.479,4.821,5.294,0.344
5,TPA,0,0.326,0.132,0.003
6,ABE,0.067,0.893,0.654,0.087
6,BFI,0,0.12,0.123,0.018
6,BNA,0.001,1.401,1.227,0.124
6,BWI,1.163,5.798,4.576,0.403
6,CAE,0.602,3.294,2.499,0.272
6,CHA,0.858,5.165,5.056,0.444
6,DFW,0.069,1.493,1.601,0.06
6,EWR,1.262,8.045,7.341,0.564
6,IND,0.11,3.925,3.297,0.823
6,LEX,0,0.221,0.223,0.019
6,MKE,0.122,1.709,1.747,0.4
6,OAK,0.568,5.85,4.454,0.489
6,ONT,0,0.256,0.198,0.036
6,PHL,0.315,0.279,3.502,1.092
6,PHX,0.571,0.407,6.014,1.168
6,RIC,0.127,0.252,2.128,0.364
6,TPA,0.289,0.292,2.689,0.787
7,ABE,0.071,0.096,0.841,0.283
7,BFI,0.078,0.358,3.861,0.699
7,BNA,0.831,0.409,5.887,1.793
7,BWI,0.356,0.336,4.099,0.915
7,CAE,2.251,0.46,7.861,1.61
7,CHA,1.574,0.786,8.828,2.463
7,DFW,0.074,0.215,2.334,0.57
7,EWR,0.095,0.098,1.342,0.358
7,IND,0.188,0.262,4.103,0.692
7,LEX,0.073,0.124,2.623,0.595
7,MKE,0.002,0.119,1.216,0.47
7,OAK,0.142,0.352,2.153,0.848
7,ONT,0.097,0.26,1.987,0.753
7,PHL,0.991,0.457,5.554,2.111
7,PHX,0.956,0.616,6.522,1.587
7,RIC,0.592,0.198,4.445,1.064
7,TPA,0.394,0.401,4.55,0.675
8,ABE,0.297,0.372,3.519,0.555
8,BFI,0.052,0.102,1.276,0.444
8,BNA,0.074,0.099,0.53,0.126
8,BWI,0.025,0.099,0.505,0.054
8,CAE,0.347,0.328,4.837,0.832
8,CHA,0.298,0.617,4.819,1.117
8,DFW,0.104,0.159,3.941,0.897
8,EWR,0.881,0.506,8.241,1.524
8,IND,0.028,0.222,1.699,0.324
8,LEX,1.422,0.651,7.428,1.812
8,MKE,1.359,2.299,17.123,6.406
8,OAK,0.518,0.398,3.794,0.967
8,ONT,0.173,0.177,1.973,0.643
8,PHL,0.172,0.054,1.642,0.394
8,PHX,0.442,0.568,5.066,1.237
8,RIC,0.052,0.103,1.417,0.35
8,TPA,0.1,0.174,0.938,0.298
10,ABE,0.173,0.424,3.219,0.852
10,BFI,0.085,0.011,1.158,0.379
10,BNA,0.085,0.047,0.866,0.299
10,BWI,0.216,0.677,5.243,1.61
10,CAE,0.218,0.765,6.721,1.995
10,CHA,0.218,0.393,6.09,1.451
10,DFW,0.898,0.271,5.666,1.578
10,EWR,0.213,0.464,3.043,1.014
10,IND,0.269,0.863,11.145,3.11
10,LEX,0.217,0.267,5.154,1.855
10,MKE,0.169,0.542,2.536,0.557
10,OAK,0.084,0.003,0.355,0.252
10,ONT,0.004,0.09,2.385,0.511
10,PHL,0.258,0.474,5.719,1.828
10,PHX,0.171,0.589,3.02,0.737
10,RIC,0.262,0.48,5.458,2.131
10,TPA,0.086,0.049,1.598,0.428
11,ABE,0.004,0.203,1.639,0.407
11,BFI,0.054,0.204,1.7,0.357
11,BNA,0.253,0.65,2.657,1.099
11,BWI,3.91,1.248,19.873,4.607
11,CAE,0.009,0.359,3.122,0.873
11,CHA,0.153,0.16,3.069,0.96
11,DFW,0.156,0.264,8.147,1.327
11,EWR,0.055,0.258,2.8,1.01
11,IND,0.104,0.061,2.233,0.811
11,LEX,0.202,0.159,3.635,0.911
11,MKE,0.103,0.304,2.199,0.706
11,OAK,0.154,0.556,3.12,1.162
11,ONT,0.001,0.051,0.455,0.1
11,PHL,0.653,0.364,6.005,1.317
11,PHX,0.055,0.157,2.046,0.506
11,RIC,0.058,0.357,3.733,0.717
11,TPA,0.108,0.358,4.334,0.616
12,ABE,0.194,0.196,1.751,0.446
12,BFI,1.479,0.318,5.851,1.424
12,BNA,0.673,0.42,4.132,1.109
12,BWI,0.372,0.839,8.45,1.683
12,CAE,0.383,0.511,6.597,1.404
12,CHA,0.141,0.223,2.066,0.526
12,DFW,0.398,1.109,8.284,1.603
12,EWR,0.057,0.303,1.526,0.17
12,IND,0.056,0.084,1.539,0.302
12,LEX,0.168,0.523,2.461,0.669
12,MKE,0.284,0.532,5.678,1.155
12,OAK,1.459,0.785,5.498,2.412
12,ONT,0.083,0.058,0.676,0.195
12,PHL,0.139,0.115,1.802,0.5
12,PHX,0.029,0.084,0.697,0.274
12,RIC,0.036,0.257,2.752,1.027
12,TPA,3.614,0.432,6.841,2.146
13,ABE,1.799,0.301,3.951,0.838
13,BFI,2.629,0.773,7.402,2.088
13,BNA,0.205,0.47,4.109,0.747
13,BWI,3.369,0.704,8.424,1.867
13,CAE,1.128,0.595,6.901,1.682
13,CHA,0.001,0.024,0.385,0.462
13,DFW,0.521,0.586,6.178,1.285
13,EWR,1.753,0.706,11.49,1.922
13,IND,0.046,0.07,0.896,0.248
13,LEX,0.032,0.116,2.192,0.535
13,MKE,0.481,0.553,4.18,0.802
13,OAK,0.016,0.144,1.15,0.207
13,ONT,0,0.113,0.793,0.175
13,PHL,0,0.126,0.258,0.126
13,PHX,0.109,0.334,2.509,0.366
13,RIC,0.095,0.257,3.335,1.048
13,TPA,0.032,0.211,2.722,0.429
14,ABE,1.191,0.406,8.485,0.553
14,BFI,0.246,0.531,3.017,0.509
14,BNA,0.098,0.252,1.658,0.277
14,BWI,0.001,0.466,1.867,0.274
14,CAE,0.122,0.326,2.475,0.524
14,CHA,0.654,0.373,3.995,1.153
14,DFW,0.025,0.176,3.102,0.76
14,EWR,0.001,0.667,4.199,1.788
14,IND,0.025,0.372,3.644,1.028
14,LEX,0.175,0.699,7.996,1.115
14,MKE,1.145,1.061,7.93,1.503
14,OAK,0.246,0.838,6.236,1.159
14,ONT,0.344,1.296,7.023,1.738
14,PHL,0.244,0.959,5.623,2.001
14,PHX,0.001,0.686,1.88,0.688
14,RIC,0,0.101,0.959,0.295
14,TPA,0,0.415,0.305,0.101
15,ABE,0.045,0.53,5.349,1.093
15,BFI,0.059,0.649,6.519,1.354
15,BNA,0.045,1.062,6.132,1.495
15,BWI,0.507,1.199,11.697,1.936
15,CAE,0.072,0.307,2.039,0.307
15,CHA,0.318,1.295,7.777,1.411
15,DFW,0.191,0.928,5.549,0.929
15,EWR,0.03,0.296,2.543,0.369
15,IND,0.03,0.368,2.833,0.541
15,LEX,0.044,0.393,2.525,0.35
15,MKE,0.088,1.163,7.955,1.095
15,OAK,0.015,0.323,2.952,0.654
15,ONT,0.03,0.365,1.549,0.322
15,PHL,0.058,0.624,4.542,0.568
15,PHX,0.015,0.038,0.44,0.117
15,RIC,0.015,0.161,1.548,0.233
15,TPA,0.058,0.339,2.96,0.658
16,ABE,0.065,0.715,4.887,1.209
16,BFI,0.086,0.882,5.074,1.693
16,BNA,0.491,0.93,8.702,1.109
16,BWI,0.213,0.263,5.775,1.62
16,CAE,0.193,1.104,6.298,1.558
16,CHA,0.107,0.545,4.652,2.776
16,DFW,0.043,0.747,1.94,0.369
16,EWR,0.021,0.129,0.539,0.088
16,IND,0,0.068,1.169,0.261
16,LEX,0.044,0.435,3.899,0.591
16,MKE,0.022,0.199,2.583,0.735
16,OAK,0.065,1.012,6.863,1.764
16,ONT,0.022,0.238,2.058,0.856
16,PHL,0.022,0.152,2.772,0.302
16,PHX,0.043,0.215,1.606,0.216
16,RIC,0.022,0.219,2.718,0.283
16,TPA,0.176,0.856,9.894,2.793
17,ABE,0.064,0.723,3.074,0.706
17,BFI,0.022,0.491,2.915,0.578
17,BNA,0.001,0.347,4.669,1.13
17,BWI,0.022,0.533,2.374,0.43
17,CAE,0.043,0.575,3.421,0.409
17,CHA,0.043,0.449,3.406,1.229
17,DFW,0.022,0.322,1.376,0.408
17,EWR,0.043,0.428,4.333,0.537
17,IND,0,0.148,0.068,0.022
17,LEX,0.065,0.328,2.968,0.327
17,MKE,0.001,0.471,1.673,0.196
17,OAK,0.085,0.663,3.505,0.664
17,ONT,0.022,0.367,3.921,0.283
17,PHL,0.127,0.282,3.979,1.25
17,PHX,0.659,1.204,14.035,1.267
17,RIC,0.341,0.818,7.64,0.924
17,TPA,0.173,1.941,12.894,1.564
18,ABE,0.195,0.979,8.704,1.26
18,BFI,0.019,0.567,2.219,0.252
18,BNA,0.09,1.33,9.463,0.865
18,BWI,0.018,0.232,0.925,0.109
18,CAE,0,0.003,0.851,0.09
18,CHA,0.071,0.566,2.377,0.515
18,DFW,0.106,0.497,4.19,1.25
18,EWR,0.459,1.188,5.322,0.861
18,IND,0,0.177,0.518,0.125
18,LEX,0.105,0.128,1.475,0.198
18,MKE,0,0.125,0.533,0.055
18,OAK,0.018,0.235,2.2,0.357
18,ONT,0.9,0.573,5.867,0.819
18,PHL,0.532,0.52,5.361,1.153
18,PHX,1.512,2.122,11.468,1.779
18,RIC,0.072,0.94,5.647,0.854
18,TPA,0.582,0.576,6.077,0.825
19,ABE,0.04,0.609,5.569,1.015
19,BFI,0,0.04,0.763,0.659
19,BNA,0.128,0.454,3.984,0.724
19,BWI,0.318,0.749,7.307,1.497
19,CAE,0.013,0.117,1.973,0.369
19,CHA,0.108,0,3.582,0.584
19,DFW,0.153,0.013,6.208,0.961
19,EWR,0.031,0,1.501,0.33
19,IND,0.029,0.039,1.334,0.228
19,LEX,0.048,0,0.574,0.123
19,MKE,0.084,0.042,4.399,0.469
19,OAK,0.367,0.079,9.451,4.271
19,ONT,0.194,0,4.375,1.015
19,PHL,1.115,0.108,10.459,1.304
19,PHX,0.762,0,12.95,3.176
19,RIC,0.038,0,1.564,0.257
19,TPA,0.021,0,0.978,0.348
20,ABE,0.097,0,2.286,0.611
20,BFI,0.06,0,2.418,0.544
20,BNA,0.029,0.01,0.945,0.138
20,BWI,0.047,0.015,2.005,0.27
20,CAE,0.057,0,2.43,0.498
20,CHA,0.536,0,20.133,20.311
20,DFW,0.615,0.053,8.956,1.095
20,EWR,0.39,0.059,4.461,0.544
20,IND,0.425,0,4.566,0.589
20,LEX,0.113,0,2.607,0.412
20,MKE,0.023,0,0.827,0.222
20,OAK,0.021,0,0.557,0.009
20,ONT,0.008,0,0.393,0.048
20,PHL,0.094,0,3.994,0.417
20,PHX,0.136,0,3.923,0.31
20,RIC,0.1,0,2.867,0.401
20,TPA,0.328,0,5.935,1.064
21,ABE,0.052,0,1.959,0.372
21,BFI,0.463,0,10.467,1.877
21,BNA,1.224,0,20.384,2.397
21,BWI,0.264,0,5.67,0.685
21,CAE,0.068,0,2.949,0.455
21,CHA,0.066,0,1.668,0.139
21,DFW,0.162,0,6.828,0.989
21,EWR,0.135,0,2.264,0.509
21,IND,0.114,0,1.471,0.302
21,LEX,0.07,0,2.152,0.134
21,MKE,0.003,0,1.111,0.083
21,OAK,0.024,0.018,0.681,0.179
21,ONT,0.129,0,5.965,0.805
21,PHL,0.138,0,7.032,1.147
21,PHX,0.102,0.018,5.304,0.734
21,RIC,0.723,0,5.503,1.386
21,TPA,0.057,0,1.783,0.781
22,ABE,0.218,0,12.394,2.148
22,BFI,0.083,0.036,4.269,1.046
22,BNA,0.098,0,3.302,0.332
22,BWI,0.035,0,0.293,0.206
22,CAE,0.03,0.008,1.799,0.386
22,CHA,0.139,0,6.881,1.138
22,DFW,0.1,0,2.964,0.405
22,EWR,0.141,0,8.701,1.267
22,IND,0.035,0.056,1.471,0.434
22,LEX,0.051,0.01,1.551,0.268
22,MKE,0.057,0.014,1.649,0.113
22,OAK,0.053,0,2.044,0.303
22,ONT,2.174,0,23.733,2.953
22,PHL,0.04,0,3.187,0.441
22,PHX,0.106,0,1.673,0.568
22,RIC,0.201,0,3.365,1.12
22,TPA,0.056,0.073,3.095,0.689
23,ABE,0.052,0,1.93,0.446
23,BFI,0.06,0,3.296,0.6
23,BNA,0.049,0,1.332,0.147
23,BWI,0.101,0,3.108,0.74
23,CAE,0.008,0,0.279,0.014
23,CHA,0.174,0,5.671,0.416
23,DFW,0.047,0,1.142,0.241
23,EWR,0.072,0,1.987,0.365
23,IND,0.105,0.088,3.273,0.595
23,LEX,0.03,0,2.327,0.498
23,MKE,1.378,0,9.765,1.564
23,OAK,0.617,0.029,7.213,0.856
23,ONT,0.468,0,15.821,2.791
23,PHL,1.456,0,10.206,1.649
23,PHX,0.091,0.003,2.067,0.348
23,RIC,0.44,0.436,10.781,1.35
23,TPA,0.063,0.138,1.144,0.135
24,ABE,0.01,0,0.431,0.056
24,BFI,0.029,0,1.561,0.269
24,BNA,0.109,0,6.131,1.535
24,BWI,0.216,0.025,3.098,0.615
24,CAE,0.005,0,0.183,0.024
24,CHA,0.02,0,0.504,0.115
24,DFW,0.013,0,0.313,0.014
24,EWR,0.033,0,1.602,0.28
24,IND,0.933,0,5.973,0.928
24,LEX,0.669,0.104,5.593,2.084
24,MKE,0.803,0.065,9.683,2.307
24,OAK,0.06,0.065,2.431,0.338
24,ONT,0.934,0,9.416,1.344
24,PHL,0.447,0.021,7.695,1.363
24,PHX,0.009,0.004,0.282,0.058
24,RIC,0.233,0.221,9.445,9.338
24,TPA,0.713,0.055,8.188,1.003
25,ABE,0.014,0,1.354,0.131
25,BFI,0.269,0.313,6.554,1.203
25,BNA,0.32,0.172,8.298,1.714
25,BWI,0.088,0.176,2.66,0.354
25,CAE,0.033,0.077,0.443,0.11
25,CHA,0.026,0.085,0.494,0.097
25,DFW,0.275,0.27,7.457,1.005
25,EWR,1.518,0.168,11.577,1.908
25,IND,0.284,0.33,9.57,1.237
25,LEX,0.642,0.243,7.484,0.508
25,MKE,1.027,0.541,13.792,1.698
25,OAK,0.076,0.123,1.606,0.363
25,ONT,0.053,0.005,0.915,0.445
25,PHL,0.087,0.093,2.734,0.695
25,PHX,0.053,0.038,2.064,0.514
25,RIC,0.042,0,0.791,0.023
25,TPA,0.054,0.085,2.331,0.292
26,ABE,0.243,0.183,2.605,0.529
26,BFI,0.787,0.342,8.759,1.067
26,BNA,1.364,0.281,7.787,1.219
26,BWI,0.294,0.217,3.958,0.633
26,CAE,1.346,0.356,4.328,0.718
26,CHA,0.104,0.051,4.149,0.521
26,DFW,0.055,0.034,0.295,0.094
26,EWR,0.012,0.026,0.326,0.067
26,IND,0.045,0.002,0.367,0
26,LEX,0.324,0.111,5.282,0.54
26,MKE,0.169,0.088,3.761,0.357
26,OAK,0.072,0.251,3.441,0.495
26,ONT,1.337,0.198,7.822,0.946
26,PHL,0.01,0.023,0.796,0.131
26,PHX,0.449,0.327,6.459,0.755
26,RIC,0.96,0.599,14.317,1.386
26,TPA,0.252,0.143,4.455,0.577
27,ABE,0.172,0.204,3.517,0.616
27,BFI,0.056,0.193,1.785,0.011
27,BNA,0.355,0.085,8.144,0.763
27,BWI,0.07,0.14,3.478,0.798
27,CAE,0,0,1.39,0
27,CHA,0.026,0.067,3.888,0.412
27,DFW,0.051,0.164,1.205,0.013
27,EWR,0,0.056,0.838,0.164
27,IND,0.436,0.41,6.838,1.349
27,LEX,0.187,0.525,6.977,1.053
27,MKE,0.323,0.252,6.948,1.728
27,OAK,1.195,0.796,6.968,1.456
27,ONT,0.086,0.133,2.825,0.58
27,PHL,0.633,0.939,16.679,4.371
27,PHX,0.078,0.1,3.698,0.562
27,RIC,0.096,0.144,2.05,0.457
27,TPA,0.015,0,0.454,0
28,ABE,0.036,0,1.523,0.326
28,BFI,0.207,0.273,6.678,0.709
28,BNA,0.087,0.025,1.48,0.352
28,BWI,0.226,0.351,10.804,2.434
28,CAE,0.077,0.082,1.074,0.078
28,CHA,0.006,0.106,0.924,0.257
28,DFW,0.02,0.061,0.99,0.01
28,EWR,0.021,0.047,1.086,0.224
28,IND,3.458,1.153,29.088,5.553
28,LEX,0.306,0.12,4.097,0.541
28,MKE,0.02,0.25,2.469,0.264
28,OAK,0.117,0.216,5.534,0.785
28,ONT,0.037,0.048,3.112,0.531
28,PHL,0.102,0,2.031,0.143
28,PHX,0.071,0.112,2.813,0.549
28,RIC,0.002,0.056,1.451,0.395
28,TPA,0.15,0.186,3.337,0.33
29,ABE,0.003,0.005,0.081,0.028
29,BFI,0.037,0.062,2.357,0.139
29,BNA,0.027,0.054,0.365,0.079
29,BWI,0.009,0.076,1.263,0.431
29,CAE,0.031,0.043,2.442,0.386
29,CHA,0.016,0.125,1.717,0.225
29,DFW,1.437,0.355,9.03,1.21
29,EWR,0.98,0.397,4.273,0.758
29,IND,0.581,0.685,17.443,2.188
29,LEX,0.456,0.649,9.922,1.176
29,MKE,0.04,0.093,1.089,0.237
29,OAK,0.242,0.49,9.716,1.711
29,ONT,0.076,0.1,0.659,0.052
29,PHL,0.011,0.021,0.423,0.019
29,PHX,0.086,0.099,2.023,0.44
29,RIC,0.234,0.345,7.659,1.349
29,TPA,1.614,0.617,7.751,1.263
30,ABE,0.012,0.039,0.398,0.08
30,BFI,0.076,0.024,1.564,0.159
30,BNA,0.027,0.021,0.414,0.019
30,BWI,0.027,0.261,2.909,0.63
30,CAE,1.667,0.139,3.735,0.51
30,CHA,1.397,0.374,4.674,0.838
30,DFW,1.64,0.282,7.702,1.014
30,EWR,0.086,0.175,3.582,0.504
30,IND,2.074,0.388,8.078,1.089
30,LEX,0.793,0.712,8.694,1.657
30,MKE,0,0.076,0.224,0.047
30,OAK,0.214,0.275,4.675,0.651
30,ONT,1.983,0.413,13.732,2.291
30,PHL,0.103,0.062,1.254,0.244
30,PHX,0.083,3.632,1.458,0.138
30,RIC,0.165,4.513,2.614,0.303
30,TPA,0.028,1.541,0.715,0.11
31,ABE,0,1.746,0.927,0.071
31,BFI,0,0.321,0.606,0.071
31,BNA,0.036,3.706,2.316,0.214
31,BWI,0.321,5.845,3.136,0.677
31,CAE,0.107,4.918,2.352,0.321
31,CHA,1.14,5.453,5.702,0.499
31,DFW,0.143,6.379,4.669,0.713
31,EWR,0.071,2.815,1.033,0.143
31,IND,0,0.82,0.748,0.036
31,LEX,0,2.602,0.713,0.143
31,MKE,0.178,3.386,1.532,0.321
31,OAK,0,0.713,0.428,0
31,ONT,0,2.281,0.641,0.143
31,PHL,0.036,1.105,0.677,0.143
31,PHX,0.606,6.557,3.386,0.641
31,RIC,0.249,5.132,3.421,0.748
31,TPA,0.249,3.599,2.138,0.178
32,ABE,0.283,6.179,3.312,0.242
32,BFI,0.081,3.352,1.656,0.121
32,BNA,0,1.616,0.202,0.081
32,BWI,0,0.485,0.404,0.081
32,CAE,0,0.687,0.283,0
32,CHA,0.081,4.079,2.746,0.202
32,DFW,0,4.443,2.948,0.363
32,EWR,0,3.393,1.737,0.323
32,IND,0.162,5.372,4.443,0.283
32,LEX,0,1.414,0.767,0.081
32,MKE,0,6.543,4.321,0.485
32,OAK,0.242,7.189,6.866,0.889
32,ONT,0.04,2.948,4.039,0.363
32,PHL,0,2.383,1.454,0.202
32,PHX,0.081,0.889,1.09,0.242
32,RIC,0.04,3.716,2.141,0.242
32,TPA,0,0.848,0.808,0.04
33,ABE,0,1.972,1.341,0.079
33,BFI,0.237,1.498,1.893,0.394
33,BNA,0,0.631,0.631,0
33,BWI,0.079,0.473,0.631,0
33,CAE,0.079,4.653,2.524,0
33,CHA,0.079,6.23,4.968,0.158
33,DFW,0,3.864,2.366,0.158
33,EWR,0.631,4.495,2.76,0.631
33,IND,0,2.681,1.104,0.315
33,LEX,0.079,8.754,6.23,1.104
33,MKE,0,4.574,2.997,0.552
33,OAK,0,2.208,0.552,0.079
33,ONT,0,0.71,0.789,0
33,PHL,0.079,0.868,0.473,0.079
33,PHX,0.079,3.391,1.735,0.315
33,RIC,0,1.577,1.341,0.315
33,TPA,0,8.202,4.89,0.473
34,ABE,0,1.525,1.144,0.477
34,BFI,0,1.43,0.953,0.095
34,BNA,0.095,0.667,1.239,0.381
34,BWI,0,2.193,1.43,0.286
34,CAE,1.239,20.21,12.297,1.716
34,CHA,0.191,2.765,2.288,0.477
34,DFW,0,4.099,1.049,0.191
34,EWR,0,1.811,1.335,0.572
34,IND,0,1.811,0.953,0.667
34,LEX,0,2.193,0.095,0.286
34,MKE,0,3.337,1.716,0.191
34,OAK,0,1.621,1.43,0
34,ONT,0,3.813,1.525,0.095
34,PHL,0.095,0,0.286,0
34,PHX,0.095,5.243,3.051,0.858
34,RIC,0,3.241,1.335,0.191
34,TPA,0,1.716,1.811,0.191
35,ABE,0,1.59,1.74,0
35,BFI,0,0.795,0.596,0.149
35,BNA,0.895,6.113,5.765,0.497
35,BWI,0.149,4.274,2.684,0.199
35,CAE,0.099,8.797,7.256,0.447
35,CHA,0.298,5.616,4.622,0.447
35,DFW,0.05,0.547,1.193,0.05
35,EWR,0.099,4.324,3.877,0.398
35,IND,0,0.944,0.398,0.149
35,LEX,0,0.398,0.795,0.05
35,MKE,0.05,1.69,1.59,0.149
35,OAK,0,1.044,1.193,0.199
35,ONT,0.398,7.256,7.555,0.447
35,PHL,0.05,0.497,0.497,0.05
35,PHX,0,1.74,1.292,0.099
35,RIC,0,0.646,0.348,0.05
35,TPA,0.099,3.479,3.032,0.249
36,ABE,0.633,2.885,2.299,0.211
36,BFI,0.117,2.956,2.369,0.258
36,BNA,0.399,5.888,4.833,0.704
36,BWI,0.023,1.619,1.454,0.188
36,CAE,0.305,6.264,4.457,0.469
36,CHA,0.164,5.56,3.519,0.633
36,DFW,0,0.516,0.258,0.023
36,EWR,0.07,4.715,2.463,0.305
36,IND,0.868,11.19,7.39,0.446
36,LEX,0,0.868,0.446,0.047
36,MKE,0.002,0.159,1.391,0.093
36,OAK,0.119,0.28,5.923,0.584
36,ONT,0,0.039,0.513,0.061
36,PHL,0,0.028,0.476,0.088
36,PHX,0,0.02,0.016,0.03
36,RIC,0.03,0.357,2.971,0.579
36,TPA,0.382,0.697,5.388,1.959
37,ABE,0.002,0.29,4.743,2.07
37,BFI,3.24,1.773,14.237,2.115
37,BNA,1.068,1.74,14.257,3.044
37,BWI,0.001,0.148,0.507,0.005
37,CAE,0,0.062,0.22,0.003
37,CHA,0.001,0.186,0.574,0.241
37,DFW,0.001,0.058,0.917,0.106
37,EWR,0,0.024,0.454,0.07
37,IND,0.001,0.08,1.042,0.174
37,LEX,0.001,0.045,1.143,0.071
37,MKE,0.684,0.612,6.304,5.741
37,OAK,1.601,0.967,12.299,1.636
37,ONT,0.549,0.32,3.227,0.885
37,PHL,0.381,0.729,5.413,0.752
37,PHX,0.035,0.308,1.869,0.376
37,RIC,0,0.021,0.35,0.002
37,TPA,0,0.012,0.21,0.001
38,ABE,0,0.023,0.672,0.084
38,BFI,0.003,1.014,6.663,1.331
38,BNA,0.085,0.424,5.696,1.086
38,BWI,0.002,0.293,4.176,0.672
38,CAE,1.259,1.02,12.382,2.821
38,CHA,0.001,0.077,0.874,0.088
38,DFW,0.013,1.449,7.532,1.175
38,EWR,2.509,2.339,21.594,4.74
38,IND,0.006,0.537,2.817,0.424
38,LEX,0.001,0.137,2.132,0.008
38,MKE,0.083,0.066,0.866,0.087
38,OAK,0.084,0.298,3.344,0.18
38,ONT,0.001,0.488,1.53,0.17
38,PHL,0.001,0.06,0.78,0.251
38,PHX,0.083,0.092,2.272,0.09
38,RIC,0,0.038,0.514,0.003
38,TPA,0,0.111,0.347,0.003
39,ABE,0.003,0.682,4.933,0.973
39,BFI,0.003,1.319,9.696,0.349
39,BNA,0.003,0.709,6.037,2.072
39,BWI,0.658,0.874,7.791,1.292
39,CAE,0.002,0.311,1.04,0.016
39,CHA,0.006,0.909,16.279,1.316
39,DFW,0.003,1.067,1.894,0.497
39,EWR,0.002,0.486,4.66,0.328
39,IND,0,0.04,0.182,0.003
39,LEX,0.001,0.126,2.595,0.168
39,MKE,0.003,0.536,7.483,0.506
39,OAK,0.002,0.34,2.156,0.02
39,ONT,0.004,2.341,10.214,2.083
39,PHL,0.001,0.108,0.856,0.324
39,PHX,0.001,0.245,0.217,0.48
39,RIC,0.002,0.107,1.19,0.165
39,TPA,0.002,0.103,1.024,0.167
40,ABE,3.636,2.044,26.372,4.861
40,BFI,0.001,0.428,3.155,0.091
40,BNA,0.001,0.077,2.078,0.25
40,BWI,0.001,0.246,5.968,0.175
40,CAE,0.082,0.733,2.577,0.088
40,CHA,0.001,0.065,0.444,0.006
40,DFW,0.001,0.35,3.648,0.821
40,EWR,0.001,0.129,0.923,0.085
40,IND,0.001,0.108,1.288,0.414
40,LEX,0,0.011,0.089,0.001
40,MKE,0.002,0.262,5.516,0.336
40,OAK,0.001,0.292,0.441,0.41
40,ONT,0.001,0.333,0.053,0.251
40,PHL,0.001,0.352,2.427,0.089
40,PHX,0.001,0.726,1.188,0.412
40,RIC,2.247,0.434,14.075,3.522
40,TPA,0.507,0.427,3.944,0.5
41,ABE,0.049,0.685,10.675,2.196
41,BFI,0.284,0.596,4.395,0.33
41,BNA,0.001,0.037,0.571,0.094
41,BWI,0.048,0.365,5.354,0.513
41,CAE,0,0.064,0.831,0.002
41,CHA,0.046,0.021,0.194,0.047
41,DFW,0.001,0.2,0.901,0.458
41,EWR,0.047,0.222,1.996,0.419
41,IND,0.417,0.148,2.965,0.557
41,LEX,0,0.008,0.279,0.046
41,MKE,0,0.026,0.472,0.048
41,OAK,0,0.011,0.144,0.046
41,ONT,0.001,0.333,1.819,0.324
41,PHL,3.721,1.655,10.924,1.745
41,PHX,1.531,0.448,12.179,6.634
41,RIC,2.353,3.253,11.893,1.89
41,TPA,0.001,0.451,1.804,0.235
42,ABE,1.846,1.365,12.716,1.809
42,BFI,0.904,0.701,6.503,2.365
42,BNA,0,0.015,0.065,0.062
42,BWI,0.45,2.24,7.251,9.932
42,CAE,0.523,0.636,9.61,1.504
42,CHA,0,0.019,0.399,0.12
42,DFW,0.248,0.104,3.678,0.834
42,EWR,0.173,0.127,5.715,0.62
42,IND,0.038,0.125,1.578,0.059
42,LEX,0.028,0.001,0.614,0.089
42,MKE,0.025,0.085,0.575,0.06
42,OAK,0.042,0.103,3.319,0.53
42,ONT,0.277,0.083,4.649,0.525
42,PHL,0.086,0.102,4.256,0.528
42,PHX,0.126,0.002,2.65,0.282
42,RIC,0.311,0.228,3.705,0.487
42,TPA,0.01,0.191,1.323,0.373
43,ABE,0.027,0.089,1.226,0.155
43,BFI,0.027,0,2.837,0.874
43,BNA,0.014,0.069,2.702,0.381
43,BWI,0.003,0.031,0.706,0.152
43,CAE,0.014,0.018,1.869,0.416
43,CHA,0.102,0.182,2.722,0.577
43,DFW,0.881,0.085,8.521,1.825
43,EWR,1.688,0.352,11.635,1.772
43,IND,0.489,0.268,6.911,0.555
43,LEX,1.586,0.347,7.356,0.77
43,MKE,0.155,0.137,5.539,1.041
43,OAK,0.071,0.054,0.689,0.194
43,ONT,0,0.011,0.928,0.1
43,PHL,0.011,0.004,0.531,0.072
43,PHX,0.106,0.232,10.837,1.384
43,RIC,0.103,0.374,6.686,0.612
43,TPA,0.096,0.111,8.887,0.804
44,ABE,1.445,0.215,12.643,2.229
44,BFI,0,0.045,1.781,0.54
44,BNA,0.529,0.178,8.807,0.777
44,BWI,0.401,0.405,8.129,0.889
44,CAE,0.215,0.034,2.878,0.287
44,CHA,0.258,0.095,3.994,0.76
44,DFW,0.066,0.266,2.431,0.13
44,EWR,0.179,0.161,9.366,1.006
44,IND,0.023,0.005,1.927,0.615
44,LEX,0.035,0.102,0.943,0.107
44,MKE,0.017,0.111,3.596,0.434
44,OAK,0.031,0.101,1.075,0.047
44,ONT,0,0.175,0.643,0.137
44,PHL,0.196,0.148,4.505,1.045
44,PHX,0.088,0.454,6.183,0.721
44,RIC,0.066,0.137,4.499,1.49
44,TPA,0.989,0.445,6.7,1.074
45,ABE,0.057,0.107,3.383,0.55
45,BFI,0.281,0.733,13.11,2.321
45,BNA,0.054,0.18,4.845,0.754
45,BWI,0.046,0.187,2.771,0.405
45,CAE,0.011,0,0.481,0.01
45,CHA,0.025,0.043,1.186,0.121
45,DFW,0.059,0.07,4.526,0.773
45,EWR,0.034,0.016,1.925,0.207
45,IND,0.172,0.365,10.968,2.707
45,LEX,0.027,0.12,1.187,0.065
45,MKE,0.091,0.084,0.773,0.068
45,OAK,0,0.277,1.144,0.135
45,ONT,0.015,0.141,2.391,0.259
45,PHL,1.687,0.536,19.871,3.106
45,PHX,0.047,0.095,2.842,0.557
45,RIC,0.101,0.081,2.059,0.256
45,TPA,0.202,0.519,6.942,0.841
46,ABE,0.021,0.063,2.549,0.216
46,BFI,0.015,0.07,2.291,0.335
46,BNA,0.019,0.071,3.053,0.574
46,BWI,0.002,0.047,0.948,0.43
46,CAE,0.07,0.166,1.952,0.116
46,CHA,0.038,0.006,0.068,0.031
46,DFW,0.059,0.029,4.085,0.132
46,EWR,0.011,0.076,0.966,0.06
46,IND,0.011,0.146,2.391,0.363
46,LEX,0.085,0.214,2.674,0.581
46,MKE,0,0.194,2.824,0.554
46,OAK,1.196,0.422,9.784,1.684
46,ONT,0.864,0.39,5.502,0.939
46,PHL,0.275,0.64,14.971,2.475
46,PHX,0.364,0.545,13.343,1.852
46,RIC,0.006,0.075,1.507,0.661
46,TPA,0.069,0.464,11.745,1.623
47,ABE,0.072,0.149,1.236,0.148
47,BFI,0.016,0.024,0.519,0.131
47,BNA,0.086,0.435,4.082,0.692
47,BWI,0.027,0.253,9.93,1.455
47,CAE,0.65,0.366,4.428,0.561
47,CHA,0,0.15,0.225,0.124
47,DFW,0.104,0,1.05,0.007
47,EWR,0.001,0.015,0.321,0
47,IND,0.053,0.184,2.667,0.478
47,LEX,1.698,0.324,4.302,1.835
47,MKE,1.035,0.364,4.976,0.391
47,OAK,1.12,0.181,6.794,0.256
47,ONT,0.19,0.422,5.385,0.469
47,PHL,2.066,0.697,10.055,1.176
47,PHX,0.336,0.708,9.72,1.211
47,RIC,0,0.086,0.732,0.066
47,TPA,0.077,0.546,10.395,1.748
48,ABE,1.433,0.574,18.041,2.274
48,BFI,0,0.064,1.752,0.298
48,BNA,0.12,0.854,4.025,0.972
48,BWI,0.754,1.066,6.461,1.613
48,CAE,0.03,0.27,1.55,0.415
48,CHA,0.03,0.213,1.168,0.442
48,DFW,0.058,0.209,1.295,0.323
48,EWR,0.176,0.541,5.422,1.059
48,IND,0.294,0.514,6.553,1.291
48,LEX,0.119,0.623,3.555,0.598
48,MKE,1.306,0.951,7.491,1.325
48,OAK,0.612,1.186,6.871,1.474
48,ONT,0.06,0.215,1.954,0.416
48,PHL,0.03,0.182,1.305,0.326
48,PHX,0.088,0.159,1.804,0.565
48,RIC,0.03,0.33,2.364,0.791
48,TPA,0.001,0.094,0.781,0.239
49,ABE,0.002,0.169,1.354,0.51
49,BFI,0.063,0.29,1.718,0.63
49,BNA,0.964,0.83,5.704,1.112
49,BWI,1.582,0.581,5.392,1.11
49,CAE,0.591,0.605,5.104,1.042
49,CHA,1.453,0.45,4.935,1.039
49,DFW,0.065,0.693,4.362,0.849
49,EWR,0.001,0.163,1.295,0.408
49,IND,0.001,0.128,0.693,0.096
49,LEX,0.001,0.189,0.908,0.188
49,MKE,0.035,0.638,3.733,0.733
49,OAK,0.188,0.582,6.836,1.256
49,ONT,0.279,0.637,3.054,0.912
49,PHL,1.024,0.685,7.482,1.114
49,PHX,0.032,0.102,1.976,0.561
49,RIC,0.191,1.141,6.924,1.387
49,TPA,0.505,0.918,8.036,1.772
50,ABE,0.227,0.53,6.255,0.974
50,BFI,0.058,0.352,3.144,0.683
50,BNA,0.058,0.234,2.661,0.565
50,BWI,0.228,1.041,8.495,1.875
50,CAE,0.169,0.185,3.243,0.628
50,CHA,0.058,0.069,1.496,0.345
50,DFW,0.004,0.299,3.424,0.577
50,EWR,0.001,0.105,1.247,0.395
50,IND,0.057,0.23,1.359,0.175
50,LEX,0.116,0.753,5.755,1.867
50,MKE,0.005,0.598,5.913,1.656
50,OAK,0.116,0.646,4.449,1.702
50,ONT,0.455,0.984,6.349,1.935
50,PHL,0.117,0.408,2.251,1.076
50,PHX,0.231,1.234,8.137,1.973
50,RIC,0.171,0.922,3.817,1.265
50,TPA,0.002,0.403,2.566,0.684
51,ABE,0.001,0.066,0.325,0.066
51,BFI,0.124,0.503,2.147,0.569
51,BNA,0.126,1.081,6.337,2.141
51,BWI,0.125,0.455,3.781,0.956
51,CAE,0.252,1.217,9.68,2.097
51,CHA,0.002,0.442,2.143,0.325
51,DFW,0.002,0.194,1.207,0.194
51,EWR,0.002,0.132,1.028,0.379
51,IND,0.064,0.447,1.79,0.506
51,LEX,1.379,2.49,19.832,4.838
51,MKE,0.064,0.449,3.403,1.004
51,OAK,0.002,0.814,2.029,1.059
51,ONT,0.004,0.517,4.988,1.32
51,PHL,0.063,0.384,2.165,0.448
51,PHX,0.002,0.382,2.578,0.63
51,RIC,0.064,0.937,3.899,0.818
51,TPA,0.002,0.503,1.585,0.442
52,ABE,0.002,0.151,2.389,0.382
52,BFI,0,0.092,0.233,0.002
52,BNA,0.049,0.338,3.517,0.382
52,BWI,0.138,0.237,1.173,0.189
52,CAE,0.002,0.287,1.838,0.605
52,CHA,0.003,0.377,2.521,0.421
52,DFW,0.002,0.423,1.605,0.421
52,EWR,1.059,0.722,7.447,1.81
52,IND,0.644,0.485,4.695,0.89
52,LEX,0.148,0.914,10.555,1.455
52,MKE,0.33,1.091,10.727,1.5
52,OAK,0.094,0.333,2.059,0.602
52,ONT,0.51,1.648,13.455,3.064
52,PHL,0.138,0.422,1.54,0.328
52,PHX,0.001,0.144,0.981,0.234
52,RIC,0.094,0.928,2.409,0.702
52,TPA,0.143,0.712,5.488,1.719
53,ABE,0.49,0.757,3.79,0.925
53,BFI,0,0.025,0.307,0.045
53,BNA,0.001,0.028,1.392,0.216
53,BWI,0,0.044,0.322,0.044
53,CAE,0.043,0.366,3.483,0.429
53,CHA,1.233,0.462,3.397,0.882
53,DFW,1.08,0.459,3.323,0.734
53,EWR,1.379,0.959,7.506,1.755
53,IND,0.129,0.27,3.252,0.77
53,LEX,1.624,0.783,9.082,1.835
53,MKE,0.363,1.016,6.294,2.084
53,OAK,0,0.17,0.364,0.339
53,ONT,0.108,0.399,4.984,0.844
53,PHL,0.511,0.848,8.647,1.626
53,PHX,0.001,0.109,0.718,0.131
53,RIC,0.05,0.332,3.925,0.514
53,TPA,0.559,1.07,8.192,2.18
54,ABE,0.003,0.229,1.295,0.288
54,BFI,0.002,0.645,0.881,0.443
54,BNA,0.054,0.326,1.102,0.276
54,BWI,0.111,0.41,5.407,0.733
54,CAE,0.268,0.867,7.093,1.145
54,CHA,0.161,0.552,4.054,1.129
54,DFW,0.808,3.477,14.043,2
54,EWR,0.482,1.357,11.69,2.555
54,IND,0.004,0.184,1.767,0.342
54,LEX,0.002,0.377,1.725,0.589
54,MKE,0.003,0.338,2.988,0.814
54,OAK,0.002,0.488,1.564,0.394
54,ONT,0.001,0.219,1.241,0.534
54,PHL,0.002,0.131,2.01,0.655
54,PHX,0.002,0.536,1.797,0.389
54,RIC,0.33,0.779,6.304,1.159
54,TPA,0.543,0.985,5.75,1.165
55,ABE,0.174,0.613,6.213,1.266
55,BFI,0.42,0.535,6.15,1.281
55,BNA,0.007,0.522,3.397,0.608
55,BWI,0.004,0.423,0.897,0.267
55,CAE,0.001,0.17,0.28,0.013
55,CHA,0.08,0.25,0.596,0.408
55,DFW,0.167,0.617,6.317,1.822
55,EWR,0.087,0.627,3.996,0.954
55,IND,0.245,0.93,5.91,0.861
55,LEX,0.341,1.048,8.695,1.069
55,MKE,0.004,0.184,0.666,0.104
55,OAK,0.409,1.505,8.185,1.589
55,ONT,0.898,2.581,11.426,2.099
55,PHL,0.085,0.754,2.274,0.284
55,PHX,0.083,0.427,0.627,0.514
55,RIC,0.003,0.101,0.646,0.418
55,TPA,0.087,0.379,4.221,1.187
56,ABE,0.006,0.424,2.225,0.433
56,BFI,0.005,0.162,1.502,0.412
56,BNA,0.006,0.67,3.098,0.43
56,BWI,0.002,0.477,0.936,0.268
56,CAE,0.002,0.143,0.568,0.144
56,CHA,0.259,0.816,4.332,2.097
56,DFW,0.007,1.33,7.656,2.48
56,EWR,0.135,2.446,5.245,1.727
56,IND,0.391,0.201,5.537,1.106
56,LEX,0.01,0.541,3.061,1.302
56,MKE,0.268,1.763,17.418,3.699
56,OAK,0.007,1.693,3.437,1.728
56,ONT,0.003,0.281,3.011,0.544
56,PHL,0.001,0.008,0.407,0.136
56,PHX,0.003,0.649,1.371,0.284
56,RIC,0.132,1.2,5.177,1.123
56,TPA,0.003,1.168,1.323,0.574
57,ABE,0.153,0.958,8.162,2.301
57,BFI,0.143,0.169,0.673,0.327
57,BNA,0.003,0.445,0.648,0.453
57,BWI,0.002,0.3,1.485,0.167
57,CAE,0.146,0.47,1.72,0.611
57,CHA,0.781,3.626,26.199,6.414
57,DFW,0.288,0.61,4.878,1.053
57,EWR,0.003,0.462,2.686,0.332
57,IND,0.149,0.622,5.844,0.371
57,LEX,0.003,0.878,2.286,0.892
57,MKE,0.003,0.456,1.544,0.335
57,OAK,0.004,0.745,2.594,0.618
57,ONT,0.002,0.448,1.223,0.317
57,PHL,0.004,0.604,2.304,1.611
57,PHX,0,0.146,0.017,0.147
57,RIC,0.012,0.631,5.164,1.616
57,TPA,0.287,0.034,1.389,0.033
58,ABE,0.004,0.153,1.792,0.396
58,BFI,0.004,0.377,1.545,0.379
58,BNA,0.12,0.029,1.87,0.615
58,BWI,0.262,1.028,6.013,1.963
58,CAE,0.133,0.415,4.402,0.879
58,CHA,0.027,1.516,10.758,1.989
58,DFW,0.491,1.743,11.988,1.752
58,EWR,0.006,0.267,1.76,0.379
58,IND,0.139,1.532,9.753,2.035
58,LEX,0.119,0.381,0.923,0.26
58,MKE,0.001,0.132,2.036,0.017
58,OAK,0.006,0.275,1.855,0.286
58,ONT,0.009,0.873,4.276,0.898
58,PHL,0.493,1.623,10.155,1.066
58,PHX,0.001,0.133,0.758,0.134
58,RIC,0.238,0.626,2.759,0.394
58,TPA,0.001,0.126,0.386,0.242
59,ABE,0.003,0.508,2.094,0.51
59,BFI,0.973,0.762,8.807,1.572
59,BNA,0.733,1.104,6.132,1.382
59,BWI,0.563,1.223,8.198,1.105
59,CAE,0.05,0.839,3.562,1.014
59,CHA,0.738,1.047,10.871,1.6
59,DFW,0.1,0.908,6.95,1.184
59,EWR,0,0.05,0.059,0.007
59,IND,0.006,0.62,3.97,0.769
59,LEX,0.057,0.556,5.371,1.362
59,MKE,0.001,0.142,0.491,0.1
59,OAK,0.129,0.138,4.716,0.782
59,ONT,0.013,0.361,3.519,0.559
59,PHL,0.002,0.107,1.652,0.76
59,PHX,0.002,0.093,0.996,0.261
59,RIC,0.001,0.143,0.417,0.133
59,TPA,0.006,0.086,5.69,1.341
60,ABE,0.54,0.72,5.971,2.701
60,BFI,0.081,0.317,3.535,1.587
60,BNA,2.603,0.895,9.964,2.778
60,BWI,0.699,1.044,13.468,3.264
60,CAE,0.003,0.052,1.862,0.823
60,CHA,0.002,0.101,1.448,0.234
60,DFW,0.003,0.123,1.295,0.466
60,EWR,0.002,0.554,1.944,0.538
60,IND,0.001,0.166,1.288,0.665
60,LEX,0.002,0.045,1.841,0.463
60,MKE,0.003,0.048,1.423,0.895
60,OAK,0.394,0.226,4.199,0.644
60,ONT,0.766,0.152,8.157,2.309
60,PHL,0.45,0.452,4.588,0.407
60,PHX,0.173,0.393,4.405,1.061
60,RIC,0.005,0.276,3.193,0.464
60,TPA,0.002,0.027,0.352,0.448
61,ABE,0.001,0.015,0.301,0.272
61,BFI,0.001,0.013,0.561,0.096
61,BNA,0.006,0.471,5.076,1.817
61,BWI,0.534,0.477,6.423,1.298
61,CAE,0.005,0.271,3.87,0.667
61,CHA,0.567,0.632,7.793,1.949
61,DFW,0.002,0.122,1.59,0.281
61,EWR,0.026,0.457,10.067,2.131
61,IND,0.585,1.054,20.511,4.296
61,LEX,0.013,0.209,6.789,1.657
61,MKE,0.003,0.053,1.814,0.994
61,OAK,0.003,0.12,1.493,0.193
61,ONT,0.006,0.461,4.351,1.815
61,PHL,0.002,0.128,1.073,0.109
61,PHX,0.003,0.028,0.777,0.454
61,RIC,0.091,0.3,1.69,0.111
61,TPA,0.001,0.012,0.914,0.095
62,ABE,0.002,0.024,0.377,0.173
62,BFI,0.008,0.13,3.793,1.016
62,BNA,0.008,0.177,7.873,3.098
62,BWI,0.009,0.447,4.272,2.428
62,CAE,0.341,0.772,5.725,2.286
62,CHA,0.005,0.067,2.065,1.765
62,DFW,0.014,0.882,10.404,2.358
62,EWR,0.006,0.435,6.24,1.17
62,IND,0.003,0.055,3.124,0.19
62,LEX,0.001,0.014,0.345,0.478
62,MKE,0.003,0.046,0.908,0.81
62,OAK,0.32,0.308,7.001,2.293
62,ONT,0.004,0.086,4.291,1.631
62,PHL,0.01,0.674,8.11,2.006
62,PHX,0.002,0.041,1.671,0.185
62,RIC,0.002,0.66,3.207,0.489
62,TPA,0.003,0.036,1.821,0.8
63,ABE,0.005,0.428,3.032,1.649
63,BFI,1.033,1.07,22.756,4.466
63,BNA,0.006,0.092,3.481,1.492
63,BWI,0.004,0.427,3.747,1.473
63,CAE,0.006,0.134,3.601,0.793
63,CHA,0.003,0.084,2.546,0.402
63,DFW,0.004,0.072,3.387,0.218
63,EWR,0.004,0.256,1.659,0.399
63,IND,0.003,0.045,1.546,0.921
63,LEX,0.004,0.073,2.893,0.58
63,MKE,0.001,0.011,0.202,0.004
63,OAK,0.191,0.322,6.548,1.147
63,ONT,0.004,0.228,1.739,0.203
63,PHL,0.006,0.811,1.828,0.944
63,PHX,0.007,0.991,4.032,1.477
63,RIC,0.184,0.085,3.261,1.295
63,TPA,0.632,0.493,7.69,0.87
64,ABE,0.141,0.684,2.812,1.075
64,BFI,0.697,0.356,7.3,2.162
64,BNA,0.028,0.442,5.279,1.115
64,BWI,0.118,0.05,1.029,0.249
64,CAE,0.127,0.339,5.481,1.242
64,CHA,0.003,0.152,0.65,0.018
64,DFW,0.001,0.252,0.28,0.123
64,EWR,0.004,0.414,2.33,0.489
64,IND,0.008,0.13,4.229,0.627
64,LEX,0.406,0.564,6.56,2.172
64,MKE,0.001,0.255,1.31,0.017
64,OAK,0.003,0.287,1.276,0.253
64,ONT,0.002,0.134,1.405,0.236
64,PHL,0.008,0.453,2.483,0.971
64,PHX,1.195,0.594,6.049,2.191
64,RIC,0.796,0.351,8.43,1.56
64,TPA,0.724,0.968,12.229,5.68
65,ABE,0.007,0.097,3.832,1.087
65,BFI,0.689,0.331,9.018,1.988
65,BNA,0.409,0.612,6.394,1.527
65,BWI,0.001,0.021,0.398,0.386
65,CAE,0.011,0.302,3.731,1.185
65,CHA,0.267,0.922,8.895,1.972
65,DFW,0.001,0.026,1.181,0.309
65,EWR,0.06,0.563,2.939,0.905
65,IND,1.855,0.541,4.841,0.697
65,LEX,0.004,0.065,1.243,0.26
65,MKE,0.002,0.109,0.442,0.545
65,OAK,0.002,0.008,0.282,0.009
65,ONT,0.203,0.326,3.114,0.093
65,PHL,0.594,0.236,5.28,0.343
65,PHX,0.008,0.032,4.468,1.343
65,RIC,0.378,1.222,7.816,1.086
65,TPA,0.161,0.292,3.006,9.029
66,ABE,0.078,0.027,0.922,0.103
66,BFI,0.004,0.02,0.457,0.024
66,BNA,0.006,1.417,4.338,0.263
66,BWI,0.007,0.18,2.506,3.313
66,CAE,0.003,0.019,0.163,0.022
66,CHA,0.005,0.905,2.188,2.301
66,DFW,0.66,0.316,3.176,0.101
66,EWR,0.111,2.404,8.221,2.281
66,IND,0.347,2.558,11.946,0.927
66,LEX,0.02,0.848,5.515,1.447
66,MKE,0.394,0.419,5.206,0.439
66,OAK,0.085,0.408,3.212,0.63
66,ONT,0.004,0.236,0.953,1.255
66,PHL,0.002,0.007,0.395,0.446
66,PHX,0.001,0.008,0.252,0.007
66,RIC,0.524,1.078,9.102,0.432
66,TPA,0.012,3.915,8.103,2.322
67,ABE,0.009,1.906,2.918,0.528
67,BFI,1.476,1.651,18.273,0.582
67,BNA,0.004,0.437,0.622,0.014
67,BWI,0.139,1.088,6.403,2.36
67,CAE,0.154,0.892,7.383,0.776
67,CHA,0.126,0.026,1.099,0.269
67,DFW,0.004,0.382,3.236,0.264
67,EWR,0.004,0.133,2.34,0.011
67,IND,0.19,2.45,7.125,5.944
67,LEX,0.124,0.259,3.036,0.502
67,MKE,0.003,0.013,0.832,1.155
67,OAK,0.185,0.323,1.552,0.325
67,ONT,0.001,0.027,0.331,0.007
67,PHL,0.002,0.007,0.271,0.129
67,PHX,0.068,0.341,2.795,2.455
67,RIC,0.006,0.284,6.223,2.097
67,TPA,0.009,1.005,4.002,0.413
68,ABE,0.111,1.19,4.051,1.556
68,BFI,0.016,0.289,0.839,0.125
68,BNA,0.022,3.724,16.727,3.929
68,BWI,0.01,0.309,3.522,0.153
68,CAE,0.005,0.199,5.913,2.886
68,CHA,0.001,0.091,0.196,0.007
68,DFW,0.003,0.106,1.388,0.286
68,EWR,0.095,0.403,10.06,1.04
68,IND,0.09,0.893,0.828,0.223
68,LEX,0.273,0.514,7.283,2.114
68,MKE,0.002,0.275,1.025,0.625
68,OAK,0.003,0.1,0.406,0.102
68,ONT,0.003,0.1,0.411,0.015
68,PHL,0.004,0.104,0.595,0.191
68,PHX,0.754,3.519,13.906,2.436
68,RIC,0.005,0.113,2.122,0.207
68,TPA,0.349,0.277,0.773,0.108
69,ABE,0.006,0.413,8.317,0.353
69,BFI,0.003,0.25,4.43,0.785
69,BNA,0.003,0.321,0.164,0.328
69,BWI,0.005,0.257,1.819,1.703
69,CAE,0.002,0.242,0.216,0.096
69,CHA,0.005,0.33,3.858,0.116
69,DFW,0.001,0.078,0.008,0.002
69,EWR,0.16,0.408,1.682,1.089
69,IND,0.003,3.652,0.501,0.012
69,LEX,0.005,0.174,1.479,0.178
69,MKE,0.006,0.249,3.156,0.174
69,OAK,0.005,0.246,1.535,2.372
69,ONT,2.085,2.352,12.973,4.563
69,PHL,0.249,0.731,2.387,0.658
69,PHX,0.41,2.066,11.562,2.608
69,RIC,0.026,3.339,10.434,1.226
69,TPA,0.006,0.325,0.707,0.095
70,ABE,0.199,1.332,7.383,2.365
70,BFI,0.062,1.209,0.218,0.069
70,BNA,0.001,0.006,0.145,0.007
70,BWI,0.004,0.02,1.725,0.025
70,CAE,0.011,0.338,6.524,0.224
70,CHA,0.208,0.78,4.943,1.024
70,DFW,0.001,0.006,0.203,0.005
70,EWR,0.003,0.134,0.782,0.136
70,IND,0.001,0.064,0.317,0.064
70,LEX,1.382,0.325,1.868,0.269
70,MKE,0.598,1.138,5.211,0.49
70,OAK,0.459,1.248,2.954,0.36
70,ONT,0.538,0.874,14.378,1.852
70,PHL,0.249,0.22,1.11,0.098
70,PHX,0.661,0.986,11.31,2.75
70,RIC,0.263,1.028,12.122,4.694
70,TPA,0.001,0.004,0.014,0.009
71,ABE,0.013,0.536,3.696,2.372
71,BFI,0.036,1.122,10.125,0.601
71,BNA,0.003,0.095,0.324,0.017
71,BWI,0.201,0.53,6.224,0.667
71,CAE,0.451,0.679,7.665,1.122
71,CHA,0.066,0.264,1.632,0.269
71,DFW,0.064,0.203,3.312,0.206
71,EWR,0.003,0.135,1.154,0.136
71,IND,0.013,2.296,5.595,0.245
71,LEX,0.021,1.087,5.905,0.864
71,MKE,0.133,0.527,3.288,0.786
71,OAK,0.592,1.355,7.964,0.885
71,ONT,0.273,1.37,7.798,2.903
71,PHL,0.128,0.271,4.802,0.214
71,PHX,0.004,0.263,0.825,0.388
71,RIC,0.067,0.334,1.82,0.464
71,TPA,0.127,0.272,1.796,0.4
72,ABE,0.002,0.094,0.76,0.097
72,BFI,0.003,0.225,1.038,0.189
72,BNA,0.045,0.181,1.063,0.186
72,BWI,0.394,0.537,3.592,0.299
72,CAE,0.608,0.542,4.912,1.306
72,CHA,0.177,0.399,6.432,1.191
72,DFW,0.389,0.319,4.431,0.5
72,EWR,0.132,0.519,2.894,1.221
72,IND,0.086,0.179,0.964,0.056
72,LEX,0.002,0.13,0.356,0.089
72,MKE,0.042,0.048,0.438,0.006
72,OAK,0.132,0.486,3.671,0.49
72,ONT,0.09,0.404,4.548,0.407
72,PHL,0.213,1.019,9.591,4.235
72,PHX,0.598,1.043,16.63,1.501
72,RIC,0.004,0.22,1.718,1.206
72,TPA,0.425,1.035,12.06,1.201
73,ABE,1,2.153,17.286,2.257
73,BFI,0.12,0.309,4.182,0.314
73,BNA,0.176,0.249,4.545,2.127
73,BWI,0.119,0.414,3.374,0.468
73,CAE,0.123,1.008,10.134,0.728
73,CHA,0.062,1.103,7.104,0.364
73,DFW,0.005,0.757,1.655,1.892
73,EWR,0.234,0.364,1.596,0.364
73,IND,0.059,0.084,0.262,0.009
73,LEX,0.002,0.066,0.723,0.01
73,MKE,0.178,0.828,4.608,1.007
73,OAK,0.006,0.376,2.41,1.122
73,ONT,0.236,0.717,4.571,0.439
73,PHL,0.355,0.494,2.19,0.444
73,PHX,0.127,0.591,1.932,0.252
73,RIC,0.073,0.576,3.298,2.7
73,TPA,0.177,0.085,1.855,0.55
74,ABE,0.007,0.398,0.406,0.405
74,BFI,0.001,0.008,0.037,0.135
74,BNA,0.005,0.149,0.622,3.107
74,BWI,0.379,0.308,3.456,1.331
74,CAE,0.005,0.283,2.632,0.304
74,CHA,0.384,0.569,4.199,0.61
74,DFW,0.005,0.884,0.971,4.085
74,EWR,0.005,0.018,0.699,0.021
74,IND,0.128,0.142,0.34,0.386
74,LEX,0.129,5.189,1.343,0.272
74,MKE,1.182,3.265,22.535,2.225
74,OAK,0.133,1.638,4.762,0.785
74,ONT,0.007,2.978,3.328,7.647
74,PHL,0.132,0.66,4.832,0.679
74,PHX,0.006,0.028,1.624,0.292
74,RIC,0.006,0.891,1.379,0.776
74,TPA,0.007,0.408,2.906,0.532
75,ABE,0.052,0.06,0.588,0.159
75,BFI,0.003,0.063,0.617,0.218
75,BNA,0,0.002,0.105,0.001
75,BWI,0.206,3.442,8.954,0.366
75,CAE,0.052,0.062,0.736,0.061
75,CHA,0.054,1.899,0.82,0.167
75,DFW,0.103,0.311,2.751,0.211
75,EWR,0.053,0.061,1.795,0.21
75,IND,0.515,1.183,7.089,0.788
75,LEX,0.163,0.528,2.857,1.021
75,MKE,1.41,2.737,28.779,2.243
75,OAK,2.746,0.699,8.857,0.848
75,ONT,0.204,0.265,1.905,0.113
75,PHL,0.162,0.793,5.512,1.051
75,PHX,0.002,0.208,0.335,0.009
75,RIC,0.001,0.155,0.274,0.006
75,TPA,0.004,0.61,1.678,0.067
76,ABE,0.074,0.283,1.666,0.454
76,BFI,0.247,0.563,7.402,0.564
76,BNA,0.001,0.005,0.119,0.667
76,BWI,0.002,0.143,1.539,0.112
76,CAE,0.001,0.037,0.212,0.004
76,CHA,0.069,0.38,2.263,0.316
76,DFW,2.031,3.356,13.292,0.968
76,EWR,0.728,0.598,3.834,0.936
76,IND,1.17,1.253,8.454,1.356
76,LEX,0.108,0.628,2.717,0.391
76,MKE,0.493,0.873,8.177,3.541
76,OAK,0.216,0.412,7.131,0.651
76,ONT,0.034,0.003,0.075,0.072
76,PHL,0.006,0.325,3.844,0.334
76,PHX,0.248,0.205,5.199,0.646
76,RIC,0.002,0.007,0.373,0.074
76,TPA,0.007,2.125,5.497,0.487
77,ABE,0.026,7.755,5.644,0.25
77,BFI,0.004,1.763,0.462,0.402
77,BNA,0.003,1.735,1.338,0.029
77,BWI,0.002,0.517,0.81,0.019
77,CAE,0.011,2.558,2.571,0.933
77,CHA,0.297,3.705,2.254,0.894
77,DFW,0.135,2.677,1.68,1.317
77,EWR,0.971,3.397,5.172,1.022
77,IND,1.279,9.145,7.758,1.948
77,LEX,0.125,0.803,1.774,0.41
77,MKE,0.123,1.244,1.684,0.388
77,OAK,0.005,2.118,1.432,0.414
77,ONT,0.004,1.756,1.551,0.414
77,PHL,0.121,2.547,0.344,0.027
77,PHX,0.123,1.031,0.664,0.888
77,RIC,0.006,0.318,0.926,0.768
77,TPA,0.295,3.125,3.14,0.949
78,ABE,1.14,3.05,4.92,0.592
78,BFI,0.123,2.87,1.34,0.651
78,BNA,0.333,1.417,1.679,0.855
78,BWI,0.007,0.572,1.5,0.239
78,CAE,0.003,0.331,0.185,0.119
78,CHA,0.001,0.213,0.041,0.009
78,DFW,0.001,0.21,0.038,0.107
78,EWR,0.105,5.329,2.426,0.066
78,IND,0.301,4.748,3.439,0.467
78,LEX,0.103,1.577,3.238,0.94
78,MKE,0.632,5.313,5.457,0.997
78,OAK,0.002,0.332,1.088,0.019
78,ONT,0.618,6.098,6.033,2.279
78,PHL,0.848,8.234,6.897,1.85
78,PHX,0.015,1.998,1.985,0.965
78,RIC,0.003,0.452,1.435,0.03
78,TPA,0.003,0.526,0.489,0.118
79,ABE,0.015,6.701,6.99,0.379
79,BFI,0.006,1.021,1.653,0.284
79,BNA,0.007,0.302,0.881,0.038
79,BWI,0.007,2.387,0.968,0.06
79,CAE,0.002,0.949,0.319,0.02
79,CHA,0.003,0.035,0.324,0.483
79,DFW,0.012,2.94,5.331,0.344
79,EWR,0.012,3.239,2.373,0.875
79,IND,0.242,1.114,3.74,0.351
79,LEX,0.271,3.194,6.099,1.518
79,MKE,0.007,1.244,0.965,0.982
79,OAK,0.25,14.584,6.542,2.769
79,ONT,0.009,3.617,1.585,0.569
79,PHL,0.004,0.081,0.683,0.279
79,PHX,0.001,0.02,0.048,0.013
79,RIC,0.004,0.985,0.643,0.041
79,TPA,0.011,3.43,4.534,0.61
80,ABE,0.006,1.312,1.051,0.102
80,BFI,0.252,8.82,7.299,3.269
80,BNA,0.476,3.371,1.581,0.516
80,BWI,0.003,0.762,0.358,0.029
80,CAE,0.005,0.055,0.863,0.028
80,CHA,0.007,0.328,2.343,0.046
80,DFW,1.834,8.975,15.351,1.871
80,EWR,0.007,0.831,1.281,0.076
80,IND,0.005,1.509,0.45,0.051
80,LEX,0.008,8.451,2.385,0.336
80,MKE,0.004,4.13,1.466,0.058
80,OAK,0.005,5.06,1.63,0.052
80,ONT,0.005,0.811,1.478,0.054
80,PHL,0.003,0.769,0.384,0.033
80,PHX,0.005,0.806,0.741,0.528
80,RIC,0.001,0.014,0.03,0.005
80,TPA,0.015,2.316,2.961,0.33
81,ABE,0.003,1.194,0.534,0.019
81,BFI,0.005,1.52,0.318,0.183
81,BNA,0.006,0.365,0.937,0.034
81,BWI,0.293,0.501,0.894,0.321
81,CAE,0.942,4.152,2.295,1.856
81,CHA,0.036,1.884,1.855,0.649
81,DFW,0.023,6.086,4.693,1.604
81,EWR,0.325,5.041,7.458,1.567
81,IND,0.006,0.93,0.88,0.029
81,LEX,0.162,9.386,3.816,0.286
81,MKE,0.148,2.793,1.696,0.023
81,OAK,0.002,0.033,0.357,0.013
81,ONT,0.005,1.829,1.674,0.335
81,PHL,0.01,2.043,2.075,0.078
81,PHX,2.395,6.062,7.07,3.06
81,RIC,0.001,0.615,0.805,0.31
81,TPA,0.004,2.099,1.34,0.035
82,ABE,0.001,0.413,0.196,0.005
82,BFI,0.004,0.517,1.491,0.493
82,BNA,2.504,4.729,3.016,1.113
82,BWI,0.807,4.721,2.213,0.793
82,CAE,1.23,7.046,5.005,0.931
82,CHA,0.12,2.778,2.236,0.502
82,DFW,1.456,8.364,7.08,1.03
82,EWR,0.548,5.192,4.289,1.074
82,IND,0.001,0.074,0.31,0.071
82,LEX,0.066,3.34,3.25,0.808
82,MKE,0.783,2.903,3.822,1.018
82,OAK,0.001,0.135,0.287,0.241
82,ONT,0.018,0.108,1.954,0.171
82,PHL,0.125,0.271,4.144,0.484
82,PHX,0.086,0.248,0.757,0.26
82,RIC,0.007,0.094,0.948,0.094
82,TPA,0.004,0.076,1.069,0.075
83,ABE,0.107,0.231,2.914,0.307
83,BFI,0.175,0.331,6.731,0.9
83,BNA,0.109,0.191,3.194,0.529
83,BWI,1.277,1.157,14.555,1.448
83,CAE,0.384,0.774,12.95,1.565
83,CHA,0.018,0.103,2.28,0.73
83,DFW,0.075,0.129,1.595,0.289
83,EWR,0.084,0.129,2.331,0.855
83,IND,0.08,0.109,2.091,0.756
83,LEX,0.006,0.053,1.065,0.146
83,MKE,0.01,0.092,1.963,0.213
83,OAK,0.013,0.084,1.253,0.174
83,ONT,0.293,0.317,5.146,0.654
83,PHL,0.489,0.558,9.062,1.452
83,PHX,0.319,0.24,4.244,0.866
83,RIC,0.272,0.279,5.23,0.725
83,TPA,0.023,0.148,2.545,0.578
84,ABE,0.098,0.083,1.421,0.111
84,BFI,0.005,0.044,0.209,0.036
84,BNA,0.004,0.039,0.744,0.053
84,BWI,0.034,0.284,7.01,0.469
84,CAE,0.117,0.375,5.082,0.98
84,CHA,0.365,0.25,7.919,0.931
84,DFW,0.414,0.684,10.145,0.938
84,EWR,0.014,0.086,1.712,0.078
84,IND,0.502,0.394,7.874,1.209
84,LEX,0.379,1.183,18.741,2.414
84,MKE,0.287,0.281,6.912,0.853
84,OAK,0.017,0.118,3.338,0.13
84,ONT,0.012,0.079,2.259,0.288
84,PHL,0.028,0.345,4.786,0.603
84,PHX,0.012,0.104,1.771,0.399
84,RIC,0.016,0.08,1.395,0.356
84,TPA,0.013,0.117,1.769,0.201
85,ABE,0.019,0.06,1.43,0.059
85,BFI,0.007,0.06,1.369,0.309
85,BNA,0.029,0.613,8.097,1.027
85,BWI,0.152,0.306,4.806,1.762
85,CAE,0.032,0.384,4.574,1.061
85,CHA,0.672,0.432,8.322,0.999
85,DFW,0.019,0.126,2.834,0.197
85,EWR,0.195,1.377,9.367,2.229
85,IND,0.026,0.621,6.227,0.823
85,LEX,0.015,0.124,1.735,0.882
85,MKE,0.003,0.03,0.551,0.044
85,OAK,0.01,0.089,3.413,0.36
85,ONT,0.04,0.818,7.557,1.303
85,PHL,0.016,0.166,4.32,0.763
85,PHX,0.415,0.447,9.223,2.4
85,RIC,0.013,0.1,2.452,0.153
85,TPA,0.01,0.07,1.528,0.329
86,ABE,0.019,0.266,7.267,0.107
86,BFI,0.021,0.156,2.684,0.562
86,BNA,1.151,1.287,26.701,3.733
86,BWI,0.02,0.182,6.098,0.231
86,CAE,0.012,0.117,2.416,0.299
86,CHA,0.309,0.256,4.706,0.878
86,DFW,0.012,0.142,2.197,1.711
86,EWR,0.153,0.104,1.955,1.582
86,IND,0.019,0.285,4.348,0.3
86,LEX,0.01,0.234,2.366,0.103
86,MKE,0.016,0.301,4.081,0.326
86,OAK,0.004,0.017,0.102,0.026
86,ONT,0.199,0.632,8.154,0.543
86,PHL,0.014,0.124,1.118,0.251
86,PHX,0.022,0.154,2.224,0.296
86,RIC,0.163,0.575,2.216,0.151
86,TPA,0.018,0.566,2.432,0.273
87,ABE,0.214,0.506,5.858,1.262
87,BFI,0.086,0.303,3.851,1.178
87,BNA,0.064,0.511,10.395,1.127
87,BWI,0.368,0.342,8.204,0.666
87,CAE,0.011,0.084,1.529,0.07
87,CHA,0.117,0.402,7.406,1.334
87,DFW,0.011,0.078,1.174,0.065
87,EWR,0.143,0.043,0.473,0.874
87,IND,0.013,0.116,1.49,0.251
87,LEX,0.09,0.202,5.528,0.51
87,MKE,0.618,0.753,5.533,0.627
87,OAK,0.003,0.033,0.374,0.167
87,ONT,0.078,0.553,1.897,0.423
87,PHL,0.003,0.025,0.139,0.029
87,PHX,0.015,0.298,4.193,0.41
87,RIC,1.956,0.946,13.232,0.642
87,TPA,0.669,0.56,7.873,0.999
88,ABE,0.435,0.509,7.684,0.722
88,BFI,0.057,0.297,3.048,0.242
88,BNA,0.881,1.043,11.327,1.991
88,BWI,0.181,0.287,8.823,0.67
88,CAE,0.003,0.022,0.666,0.446
88,CHA,0.051,0.189,4.867,0.653
88,DFW,0.413,0.369,11.767,0.975
88,EWR,0.085,0.032,1.339,0.037
88,IND,0.248,0.109,4.387,0.475
88,LEX,0.254,0.317,6.386,0.572
88,MKE,0.102,0.158,2.12,0.177
88,OAK,0.028,0.028,1.398,0.208
88,ONT,0.01,0.119,0.535,0.144
88,PHL,0.22,0.262,4.195,0.454
88,PHX,0.549,0.257,4.79,0.31
88,RIC,0.123,0.185,2.862,0.335
88,TPA,1.627,0.091,5.485,0.37
89,ABE,1.585,0.854,12.192,1.286
89,BFI,0.063,0.241,3.8,0.364
89,BNA,0.088,0.211,1.566,0.213
89,BWI,0.137,0.317,3.071,0.711
89,CAE,0.022,0.25,4.121,0.256
89,CHA,0.06,0,1.431,0.194
89,DFW,0.008,0.198,2.518,0.66
89,EWR,0.202,0.226,2.991,0.445
89,IND,1.228,0.221,8.624,0.863
89,LEX,1.367,0.432,11.793,0.805
89,MKE,0.925,0.449,6.47,0.835
89,OAK,1.345,0.252,6.394,0.658
89,ONT,0.623,0.32,4.464,0.436
89,PHL,0.015,0,1.038,0.106
89,PHX,0.002,0.092,0.577,0.077
89,RIC,0.058,0,0.572,0.112
89,TPA,0.478,0.325,6.758,1.007
90,ABE,0.266,0.58,6.082,0.413
90,BFI,0.218,0.376,4.78,0.475
90,BNA,1.654,0.335,10.864,1.274
90,BWI,0.183,0.028,1.668,0.061
90,CAE,0.779,0.756,10.94,0.748
90,CHA,1.602,0.378,12.733,0.904
90,DFW,0.186,0.593,5.63,0.492
90,EWR,0.107,0.232,2.692,0.541
90,IND,0.008,0.209,1.488,0.206
90,LEX,0.195,0.267,5.534,0.714
90,MKE,0.155,0.222,2.097,0.23
90,OAK,0.164,0.09,1.28,0.146
90,ONT,0.184,0.224,2.301,0.484
90,PHL,0.007,0.06,0.638,0.127
90,PHX,0.094,0.08,0.606,0.222
90,RIC,0.379,0.269,4.663,0.513
90,TPA,0.38,0.437,6.101,0.657
91,ABE,0.144,0.384,4.974,0.801
91,BFI,0.847,0.45,6.972,1.026
91,BNA,0.153,0.038,1.866,0.797
91,BWI,0.155,0.697,8.972,1.137
91,CAE,0.254,0.559,4.607,1.717
91,CHA,0.13,0.027,2.29,0.225
91,DFW,0.066,0.042,0.767,0.112
91,EWR,0.019,0.233,1.618,0.281
91,IND,0.123,0.45,5.786,0.587
91,LEX,0.056,0.45,3.203,0.32
91,MKE,0.384,0.222,8.743,0.982
91,OAK,0.006,0.234,1.102,0.522
91,ONT,0.004,0.065,1.839,0.028
91,PHL,0.015,0.284,0.901,0.085
91,PHX,0.021,0,2.638,0.101
91,RIC,3.413,1.134,18.36,1.784
91,TPA,0.18,0.22,3.015,0.383
92,ABE,0.068,0.404,2.663,0.195
92,BFI,0.297,0.172,5.982,0.563
92,BNA,0.17,0.109,3.279,0.421
92,BWI,0.005,0.09,1.51,0.673
92,CAE,0.153,0.219,2.754,0.065
92,CHA,0.023,0.116,1.358,0.253
92,DFW,0.075,0.282,4.665,0.588
92,EWR,0,0.021,0.406,0
92,IND,0.302,0.319,6.495,0.442
92,LEX,0.134,0.176,0.723,0
92,MKE,0.067,0.092,2.303,0.183
92,OAK,0.222,0.154,3.297,0.434
92,ONT,0.037,0.321,1.855,0.267
92,PHL,2.248,0.536,10.301,0.972
92,PHX,1.037,0.468,7.102,0.768
92,RIC,0.383,0.208,12.066,1.06
92,TPA,2.07,0.766,13.415,1.201
93,ABE,0.093,0.069,0.897,0.068
93,BFI,0.374,0.423,6.39,0.911
93,BNA,0.04,0.026,0.558,0.033
93,BWI,0,0.057,0.596,0.015
93,CAE,0.168,0.126,1.755,0.47
93,CHA,0.226,0.074,3.747,0.433
93,DFW,0.795,0.4,7.565,0.641
93,EWR,0.001,0.116,0.385,0.035
93,IND,0.219,0.157,1.573,0.068
93,LEX,0.004,0.011,0.352,0.018
93,MKE,0.227,0.117,2.865,0.245
93,OAK,2.384,0.101,5.574,0.456
93,ONT,1.408,0.063,4.678,0.275
93,PHL,2.255,0.478,12.917,1.388
93,PHX,0.337,0.326,4.394,0.463
93,RIC,1.823,0.439,12.223,1.273
93,TPA,0.971,0.709,10.274,1.452
94,ABE,0.002,0,0.59,0.047
94,BFI,0.623,0.208,6.483,1.124
94,BNA,1.91,0.685,12.798,1.264
94,BWI,0.005,0.109,1.643,0.14
94,CAE,0.253,0.071,3.265,0.222
94,CHA,0.217,0.935,6.244,0.945
94,DFW,0.097,0,0.543,0
94,EWR,0.005,0,0.756,0
94,IND,0.03,0.005,0.341,0
94,LEX,0.455,0.421,3.154,0.329
94,MKE,0.145,0.664,7.85,0.372
94,OAK,0.3,0.503,4.882,0.5
94,ONT,0.466,1.476,8.873,0.913
94,PHL,1.188,1.407,15.329,2.681
94,PHX,0.026,0.055,1.591,0.408
94,RIC,0.097,0.181,0.909,0
94,TPA,0.18,0,3.029,0.054
95,ABE,0.042,0.395,2.237,0
95,BFI,0.05,0.271,1.362,0
95,BNA,0.22,0.517,3.158,0
95,BWI,0.18,0.319,1.749,0.478
95,CAE,0.586,0.44,10.923,1.009
95,CHA,0.283,1.721,12.095,1.813
95,DFW,0.411,1.245,7.705,0.526
95,EWR,0.079,0.267,4.278,0.605
95,IND,0.06,0.522,3.483,0.011
95,LEX,0.015,0.078,1.913,0.224
95,MKE,0,0.409,1.378,0.267
95,OAK,0.002,0,0.256,0
95,ONT,0.454,0.027,4.316,0.464
95,PHL,0.25,0.742,5.186,0.528
95,PHX,0.559,0.623,4.053,0.475
95,RIC,0.318,1.936,12.111,1.045
95,TPA,0.01,0.786,2.09,0.446
96,ABE,0.581,0.783,7.946,0.204
96,BFI,1.527,5.048,28.835,3.079
96,BNA,0.126,0.343,3.951,0.568
96,BWI,0.192,0.819,1.385,0
96,CAE,0.344,0.339,3.06,0.363
96,CHA,0.148,0.718,2.617,0.288
96,DFW,0.411,0.493,1.957,0.397
96,EWR,0.137,0.534,1.492,0.266
96,IND,0.098,0.266,1.574,0
96,LEX,0.102,0.112,0.518,0
96,MKE,0.219,0.105,0.305,0.118
96,OAK,0.093,0.227,3.248,0
96,ONT,0.514,0.878,3.581,0.305
96,PHL,0,0.49,2.947,0.559
96,PHX,0.177,0.922,1.952,0.197
96,RIC,0.295,0.384,2.773,0.125
96,TPA,0.327,0.89,6.36,0.391
97,ABE,0.655,0.846,5.506,1.238
97,BFI,0.54,0.806,2.635,0.008
97,BNA,0.027,0.045,1.387,0
97,BWI,0.394,0.109,2.823,0
97,CAE,0.017,0.94,6.115,0.63
97,CHA,0.544,1.229,3.129,0
97,DFW,0.135,1.861,7.567,0.71
97,EWR,0.286,0.093,2.605,0.898
97,IND,0.033,0.165,1.29,0
97,LEX,0,0.162,1.286,0.301
97,MKE,0.282,0.05,1.217,0.105
97,OAK,0.984,1.95,22.57,1.613
97,ONT,0.139,0.513,4.594,0.068
97,PHL,0.629,1.026,1.032,0
97,PHX,0.512,0.494,6.55,0.183
97,RIC,0.305,0.354,3.377,0
97,TPA,0.182,0.141,4.12,0
98,ABE,0.027,0.423,2.932,0.414
98,BFI,0.187,0.227,0.801,0
98,BNA,0.402,0.262,3.369,0.008
98,BWI,0,0.004,0.275,0
98,CAE,0.363,1.063,4.941,0.738
98,CHA,0.169,0.121,1.191,0.335
98,DFW,0.336,0.698,2.958,0.662
98,EWR,0.038,0.454,3.046,0.006
98,IND,0.034,0.834,2.588,0.379
98,LEX,0.725,0.922,9.099,1.885
98,MKE,0.064,1.234,4.679,0.916
98,OAK,1.374,1.703,11.583,0.088
98,ONT,0.729,1.51,12.201,1.452
98,PHL,0.117,0.692,3.116,1.034
98,PHX,0.67,1.613,9.822,0.639
98,RIC,0.068,0.317,0.649,0
98,TPA,0.026,0,0.79,0
99,ABE,0.242,0.107,1.1,0.233
99,BFI,0.206,0,2.613,0.368
99,BNA,0.415,1.373,5.204,0.186
99,BWI,0.02,0.026,0.206,0
99,CAE,0.011,0.182,1.001,0.107
99,CHA,0.071,0.167,0.415,0.055
99,DFW,0.182,0.294,2.846,0.152
99,EWR,0.59,0.54,8.602,0.583
99,IND,0.225,0.998,9.305,0.936
99,LEX,0.441,1.513,12.47,0.898
99,MKE,0.294,0.613,4,0.58
99,OAK,0.267,1.091,10.802,0.591
99,ONT,0.411,0.715,10.046,0.786
99,PHL,0.001,0.012,0.207,0.357
99,PHX,0.103,0.15,4.884,0.074
99,RIC,0.215,1.227,6.584,0.348
99,TPA,0,0.006,0.751,0
