OrigZip2,Date,DestAirport,FirstClass,BusinessClass,MainCabin,Economy
1,11/26/2019,ABE,297,297,297,297
2,9/20/2018,ABE,297,297,297,297
3,4/29/2019,ABE,576,347,341,315
4,12/13/2019,ABE,297,297,297,297
5,5/1/2018,ABE,297,297,297,297
6,6/14/2019,ABE,339,339,339,285
7,11/28/2018,ABE,277,277,277,277
8,3/17/2018,ABE,277,277,277,277
10,11/15/2018,ABE,277,277,277,277
11,10/4/2019,ABE,277,277,277,277
12,1/22/2018,ABE,297,297,297,297
13,8/1/2018,ABE,576,347,341,315
14,12/12/2019,ABE,458,339,339,285
15,9/28/2019,ABE,576,347,335,315
16,1/8/2019,ABE,339,339,285,285
17,11/21/2019,ABE,285,285,285,285
18,9/27/2018,ABE,285,285,285,285
19,9/6/2018,ABE,285,285,285,285
20,4/16/2018,ABE,347,341,341,315
21,2/24/2019,ABE,339,339,339,285
22,9/17/2019,ABE,347,341,341,315
23,4/16/2018,ABE,347,341,341,315
24,7/9/2018,ABE,694,367,343,322
25,10/14/2019,ABE,694,367,343,322
26,8/9/2018,ABE,576,347,315,315
27,5/16/2019,ABE,694,367,333,322
28,7/29/2019,ABE,694,367,333,322
29,6/16/2019,ABE,694,367,333,333
30,1/24/2018,ABE,757,402,341,341
31,12/2/2018,ABE,757,402,341,341
32,4/12/2019,ABE,757,430,354,344
33,4/8/2018,ABE,854,533,402,402
34,11/22/2019,ABE,757,430,354,344
35,4/24/2018,ABE,757,430,341,341
36,9/9/2019,ABE,757,430,341,341
37,6/21/2018,ABE,757,402,339,339
38,11/15/2019,ABE,757,402,339,339
39,2/4/2019,ABE,919,591,474,434
40,2/12/2018,ABE,694,291,291,236
41,1/21/2020,ABE,694,291,291,236
42,11/10/2019,ABE,757,402,339,339
43,11/23/2018,ABE,694,367,322,322
44,5/19/2019,ABE,694,367,322,322
45,6/28/2018,ABE,694,291,291,236
46,7/19/2019,ABE,694,291,291,236
47,8/4/2018,ABE,694,367,343,322
48,6/6/2019,ABE,694,367,333,322
49,8/27/2018,ABE,694,367,333,322
50,7/23/2019,ABE,757,430,354,344
51,11/15/2018,ABE,854,533,354,352
52,1/13/2018,ABE,757,430,342,342
53,1/10/2018,ABE,757,430,342,342
54,4/3/2018,ABE,757,430,354,344
55,7/30/2019,ABE,757,430,354,344
56,3/18/2018,ABE,757,430,354,344
57,8/29/2018,ABE,881,569,414,366
58,2/2/2018,ABE,854,533,402,352
59,5/17/2019,ABE,901,584,417,372
60,7/18/2018,ABE,757,402,342,342
61,4/11/2019,ABE,757,430,354,344
62,5/23/2018,ABE,757,430,354,344
63,4/15/2019,ABE,757,430,354,344
64,2/25/2018,ABE,854,533,354,352
65,11/30/2019,ABE,757,430,354,354
66,9/25/2019,ABE,854,533,354,352
67,8/5/2018,ABE,854,533,354,352
68,3/12/2018,ABE,854,533,354,352
69,2/20/2019,ABE,854,533,402,352
70,6/16/2019,ABE,854,533,402,352
71,11/18/2018,ABE,854,533,365,352
72,3/25/2018,ABE,854,533,402,352
73,5/5/2019,ABE,854,533,365,352
74,6/21/2019,ABE,854,533,365,352
75,8/21/2019,ABE,854,533,360,352
76,5/29/2019,ABE,854,533,360,352
77,12/22/2019,ABE,854,533,376,352
78,7/14/2019,ABE,881,569,408,366
79,11/18/2018,ABE,901,584,417,372
80,4/25/2019,ABE,881,569,414,377
81,12/28/2018,ABE,1057,731,508,446
82,7/11/2018,ABE,1057,731,446,431
83,1/12/2019,ABE,1103,746,542,452
84,5/6/2019,ABE,901,584,417,372
85,5/23/2018,ABE,901,584,417,372
86,1/14/2018,ABE,901,584,417,372
87,2/13/2019,ABE,881,569,414,366
88,8/15/2019,ABE,1248,731,508,446
89,11/24/2019,ABE,901,584,417,372
90,5/23/2019,ABE,901,584,417,384
91,2/13/2019,ABE,901,584,417,372
92,1/14/2019,ABE,901,584,417,372
93,5/12/2019,ABE,901,584,417,372
94,11/26/2019,ABE,901,584,417,384
95,8/11/2018,ABE,901,584,417,372
96,7/31/2018,ABE,1557,805,542,461
97,8/9/2019,ABE,901,584,417,372
98,2/28/2019,ABE,901,584,417,372
99,7/24/2018,ABE,1103,746,542,452
1,9/2/2018,BFI,901,584,417,372
2,6/7/2018,BFI,901,584,417,372
3,3/25/2019,BFI,901,584,417,372
4,8/25/2019,BFI,901,584,417,372
5,3/18/2019,BFI,901,584,417,372
6,3/29/2019,BFI,901,584,417,372
7,3/20/2018,BFI,901,584,417,372
8,10/31/2019,BFI,901,584,417,417
10,10/12/2019,BFI,901,584,417,372
11,2/17/2018,BFI,901,584,417,372
12,5/4/2018,BFI,901,584,417,372
13,12/15/2019,BFI,901,584,417,372
14,6/13/2018,BFI,901,584,417,372
15,7/10/2018,BFI,901,584,417,372
16,2/2/2018,BFI,901,584,417,372
17,12/17/2019,BFI,901,387,387,372
18,6/18/2018,BFI,901,387,387,372
19,10/27/2018,BFI,901,387,387,372
20,9/28/2018,BFI,901,390,390,372
21,5/28/2019,BFI,901,390,390,390
22,9/16/2018,BFI,901,390,390,372
23,1/9/2019,BFI,901,584,417,372
24,5/29/2019,BFI,901,584,417,372
25,10/1/2019,BFI,901,584,417,372
26,6/20/2018,BFI,901,584,417,372
27,4/25/2018,BFI,901,584,417,372
28,7/16/2019,BFI,901,584,417,372
29,8/27/2018,BFI,901,584,417,372
30,7/28/2019,BFI,901,584,417,372
31,6/3/2018,BFI,901,584,417,372
32,10/24/2018,BFI,901,584,417,372
33,6/8/2018,BFI,901,584,417,417
34,5/25/2019,BFI,901,584,417,372
35,1/22/2020,BFI,901,584,417,372
36,6/18/2018,BFI,901,584,417,372
37,1/12/2020,BFI,901,584,417,372
38,12/28/2019,BFI,881,569,414,366
39,4/5/2018,BFI,1093,746,508,452
40,3/24/2019,BFI,901,584,417,372
41,5/31/2019,BFI,901,584,417,372
42,9/28/2019,BFI,901,584,417,372
43,6/12/2018,BFI,901,584,417,372
44,1/26/2018,BFI,901,584,417,372
45,10/2/2018,BFI,901,584,417,372
46,4/18/2018,BFI,901,584,417,372
47,5/12/2018,BFI,901,584,417,372
48,8/20/2019,BFI,901,584,417,372
49,11/5/2019,BFI,901,584,417,372
50,10/5/2019,BFI,881,569,414,366
51,9/2/2019,BFI,854,533,402,360
52,1/17/2019,BFI,881,434,414,366
53,11/18/2018,BFI,881,434,414,366
54,10/31/2019,BFI,881,569,414,366
55,11/4/2018,BFI,881,569,414,366
56,1/13/2020,BFI,881,569,414,366
57,11/22/2018,BFI,854,533,360,360
58,8/30/2018,BFI,854,533,402,360
59,8/26/2019,BFI,759,430,354,354
60,2/16/2019,BFI,881,434,414,366
61,10/11/2018,BFI,881,569,414,366
62,10/13/2019,BFI,881,569,414,366
63,6/27/2019,BFI,881,569,414,366
64,8/9/2018,BFI,881,569,414,366
65,6/7/2018,BFI,881,569,414,366
66,1/25/2020,BFI,881,569,414,366
67,3/28/2018,BFI,854,533,402,360
68,8/8/2019,BFI,854,533,402,360
69,5/10/2019,BFI,854,533,402,360
70,6/18/2018,BFI,901,584,417,372
71,11/19/2019,BFI,881,569,414,366
72,4/20/2018,BFI,881,569,414,366
73,11/8/2019,BFI,854,533,402,360
74,10/30/2019,BFI,854,533,402,360
75,12/8/2018,BFI,881,569,414,366
76,3/15/2019,BFI,854,533,402,360
77,4/2/2018,BFI,881,569,414,366
78,10/21/2018,BFI,881,569,414,366
79,5/10/2019,BFI,757,430,354,354
80,11/20/2019,BFI,757,430,400,400
81,5/23/2018,BFI,919,591,434,434
82,12/27/2019,BFI,919,591,434,434
83,6/20/2018,BFI,960,374,374,374
84,6/10/2019,BFI,694,304,304,304
85,4/22/2019,BFI,694,367,343,343
86,2/25/2018,BFI,694,367,343,343
87,7/25/2019,BFI,757,430,354,354
88,10/26/2018,BFI,1206,694,440,440
89,3/11/2018,BFI,694,367,343,343
90,9/10/2018,BFI,280,280,280,280
91,3/29/2019,BFI,280,280,280,280
92,12/20/2018,BFI,280,280,280,280
93,9/15/2018,BFI,280,280,280,280
94,4/1/2018,BFI,126,126,126,126
95,9/28/2019,BFI,126,126,126,126
96,8/27/2018,BFI,1557,805,542,482
97,3/7/2018,BFI,359,343,343,343
98,1/16/2020,BFI,394,347,347,347
99,1/27/2018,BFI,960,374,374,374
1,8/27/2019,BNA,757,392,354,354
2,1/16/2018,BNA,757,392,354,354
3,6/25/2019,BNA,757,400,354,354
4,8/16/2018,BNA,854,392,360,360
5,7/5/2019,BNA,757,392,354,354
6,12/9/2019,BNA,757,393,354,354
7,7/15/2019,BNA,757,341,341,341
8,1/12/2019,BNA,757,341,341,341
10,10/6/2019,BNA,757,341,341,341
11,6/12/2019,BNA,757,341,341,341
12,2/25/2018,BNA,757,392,354,354
13,11/19/2018,BNA,757,400,354,354
14,11/10/2019,BNA,757,400,354,354
15,4/14/2019,BNA,694,323,323,323
16,6/2/2019,BNA,694,323,323,323
17,3/23/2018,BNA,757,370,354,354
18,10/27/2018,BNA,757,370,354,354
19,7/23/2019,BNA,757,370,354,354
20,10/16/2018,BNA,694,339,343,336
21,1/26/2020,BNA,694,339,339,336
22,3/24/2018,BNA,694,183,183,183
23,8/9/2018,BNA,694,367,343,336
24,2/25/2019,BNA,694,367,343,336
25,2/23/2018,BNA,576,347,341,336
26,7/18/2018,BNA,694,323,323,323
27,9/13/2018,BNA,283,283,283,283
28,10/17/2019,BNA,283,283,283,283
29,9/11/2019,BNA,283,283,283,283
30,7/15/2018,BNA,293,293,260,260
31,11/23/2018,BNA,293,293,293,293
32,8/4/2018,BNA,317,317,317,317
33,9/29/2019,BNA,757,153,153,153
34,2/17/2018,BNA,317,317,317,317
35,12/1/2018,BNA,293,293,293,293
36,11/4/2019,BNA,293,293,293,293
37,5/25/2019,BNA,279,279,279,279
38,2/26/2018,BNA,279,279,279,279
39,12/26/2018,BNA,511,421,421,421
40,9/9/2018,BNA,298,298,298,243
41,9/3/2019,BNA,298,298,298,243
42,11/20/2018,BNA,279,279,279,279
43,1/12/2020,BNA,576,347,336,336
44,8/19/2018,BNA,694,323,323,323
45,2/19/2018,BNA,298,298,298,243
46,7/17/2018,BNA,298,298,298,243
47,11/23/2018,BNA,576,339,341,341
48,11/10/2019,BNA,302,302,302,302
49,10/12/2018,BNA,302,302,302,302
50,10/12/2019,BNA,694,359,343,343
51,3/17/2018,BNA,694,349,343,343
52,1/28/2020,BNA,694,295,295,295
53,2/3/2018,BNA,694,295,295,295
54,1/2/2018,BNA,694,359,343,343
55,1/22/2019,BNA,757,394,354,354
56,8/29/2019,BNA,757,394,354,354
57,10/4/2018,BNA,854,402,360,360
58,4/15/2018,BNA,757,400,354,354
59,1/19/2018,BNA,881,414,414,366
60,10/25/2018,BNA,694,295,295,295
61,9/16/2019,BNA,576,339,341,341
62,1/31/2020,BNA,347,341,341,336
63,9/10/2019,BNA,347,341,341,336
64,11/9/2019,BNA,694,349,343,343
65,4/23/2019,BNA,694,367,343,343
66,5/7/2019,BNA,694,349,343,343
67,9/24/2019,BNA,757,349,349,349
68,10/26/2018,BNA,757,349,349,349
69,8/31/2019,BNA,757,400,354,354
70,7/1/2018,BNA,694,329,329,329
71,2/21/2018,BNA,694,317,317,317
72,7/25/2019,BNA,694,367,343,336
73,2/13/2018,BNA,757,317,317,317
74,11/11/2019,BNA,694,317,317,317
75,7/14/2018,BNA,694,317,317,317
76,8/26/2018,BNA,757,317,317,317
77,11/13/2019,BNA,757,329,329,329
78,12/8/2019,BNA,757,342,342,342
79,11/4/2018,BNA,854,402,360,360
80,5/27/2019,BNA,757,400,400,366
81,11/23/2018,BNA,1040,564,440,440
82,1/13/2018,BNA,1040,564,440,438
83,5/19/2018,BNA,1083,576,508,446
84,1/7/2018,BNA,854,402,402,360
85,3/25/2018,BNA,881,414,366,366
86,4/10/2019,BNA,854,402,360,360
87,9/25/2019,BNA,854,402,360,360
88,9/5/2019,BNA,1039,562,434,434
89,9/1/2018,BNA,881,414,414,366
90,4/28/2018,BNA,881,414,414,398
91,2/6/2019,BNA,881,414,414,366
92,5/2/2018,BNA,881,414,414,366
93,11/14/2018,BNA,901,417,417,372
94,12/20/2019,BNA,901,417,417,398
95,1/4/2020,BNA,901,417,417,372
96,1/26/2020,BNA,1557,805,542,468
97,1/19/2019,BNA,901,417,417,372
98,9/20/2019,BNA,901,417,417,372
99,2/3/2018,BNA,1083,576,508,446
1,5/20/2018,BWI,694,302,302,302
2,1/15/2019,BWI,694,302,302,302
3,3/3/2018,BWI,694,367,343,325
4,3/12/2018,BWI,694,302,302,302
5,11/27/2019,BWI,694,302,302,302
6,8/18/2018,BWI,299,299,299,299
7,7/10/2018,BWI,285,285,285,285
8,8/13/2019,BWI,285,285,285,285
10,8/21/2018,BWI,285,285,285,285
11,6/1/2018,BWI,285,285,285,285
12,4/6/2019,BWI,576,302,302,302
13,5/7/2019,BWI,576,347,341,318
14,2/2/2018,BWI,576,347,341,318
15,6/27/2019,BWI,576,347,340,288
16,9/28/2019,BWI,339,339,288,288
17,7/1/2019,BWI,287,287,287,287
18,12/10/2019,BWI,287,287,287,287
19,4/24/2019,BWI,287,287,287,287
20,6/15/2018,BWI,285,285,285,285
21,4/28/2018,BWI,285,285,285,285
22,9/16/2019,BWI,285,285,285,285
23,1/12/2019,BWI,339,339,288,288
24,5/11/2019,BWI,347,341,318,318
25,9/10/2019,BWI,576,347,341,318
26,5/10/2018,BWI,458,339,288,288
27,9/14/2018,BWI,282,282,282,282
28,9/30/2019,BWI,282,282,282,282
29,3/22/2018,BWI,282,282,282,282
30,7/6/2019,BWI,694,299,299,299
31,3/21/2019,BWI,694,299,299,299
32,4/4/2018,BWI,757,430,354,347
33,1/1/2019,BWI,757,430,400,400
34,6/21/2019,BWI,757,430,354,347
35,6/17/2018,BWI,757,299,299,299
36,9/1/2019,BWI,757,299,299,299
37,10/21/2019,BWI,694,299,299,299
38,8/14/2019,BWI,757,299,299,299
39,9/6/2018,BWI,919,591,434,434
40,4/14/2018,BWI,694,296,296,241
41,11/3/2018,BWI,694,296,296,241
42,6/13/2018,BWI,694,299,299,299
43,1/26/2020,BWI,694,367,318,318
44,8/24/2018,BWI,576,347,318,318
45,12/27/2018,BWI,694,296,296,241
46,10/16/2018,BWI,694,296,296,241
47,1/6/2019,BWI,694,367,325,325
48,8/1/2018,BWI,694,367,338,325
49,1/24/2018,BWI,694,367,338,325
50,2/26/2018,BWI,757,430,354,347
51,3/19/2018,BWI,757,430,354,347
52,8/23/2018,BWI,757,430,347,347
53,1/5/2020,BWI,757,304,304,304
54,5/5/2019,BWI,757,430,354,347
55,12/22/2019,BWI,757,430,354,347
56,8/13/2019,BWI,757,430,354,347
57,10/28/2019,BWI,854,533,402,355
58,3/1/2019,BWI,854,533,402,355
59,6/15/2018,BWI,901,584,417,372
60,2/1/2018,BWI,694,304,304,304
61,5/19/2018,BWI,694,405,325,325
62,12/6/2019,BWI,757,430,354,347
63,4/16/2018,BWI,757,430,354,347
64,3/5/2018,BWI,757,430,354,347
65,6/5/2018,BWI,757,430,354,354
66,12/23/2018,BWI,757,430,354,347
67,1/17/2018,BWI,854,533,359,355
68,6/12/2019,BWI,854,533,359,347
69,9/20/2018,BWI,854,533,402,355
70,12/12/2019,BWI,757,430,354,347
71,5/20/2019,BWI,759,533,360,347
72,12/19/2019,BWI,757,430,354,347
73,5/6/2018,BWI,854,533,370,355
74,8/30/2019,BWI,854,533,370,347
75,6/3/2019,BWI,854,533,360,355
76,6/13/2019,BWI,854,533,360,355
77,4/13/2018,BWI,854,533,360,355
78,3/22/2019,BWI,854,533,402,355
79,12/14/2019,BWI,881,569,414,366
80,5/13/2018,BWI,881,569,414,380
81,1/20/2020,BWI,1057,731,508,446
82,3/10/2019,BWI,1057,731,446,446
83,5/30/2019,BWI,1103,746,542,452
84,9/6/2019,BWI,901,584,417,372
85,8/27/2019,BWI,901,584,417,372
86,1/31/2020,BWI,901,584,417,372
87,2/25/2019,BWI,881,569,414,366
88,4/16/2018,BWI,1248,731,491,446
89,8/14/2018,BWI,901,584,417,372
90,10/26/2019,BWI,901,584,417,387
91,5/8/2018,BWI,901,584,417,372
92,11/9/2018,BWI,901,584,417,372
93,9/27/2018,BWI,901,584,417,372
94,10/3/2018,BWI,901,584,417,387
95,1/27/2019,BWI,901,584,417,372
96,4/26/2018,BWI,892,805,542,466
97,1/22/2018,BWI,901,584,417,372
98,2/18/2018,BWI,901,584,417,372
99,4/9/2018,BWI,1103,746,542,452
1,5/17/2019,CAE,757,430,354,342
2,12/30/2018,CAE,757,430,354,342
3,11/24/2018,CAE,757,430,354,342
4,10/11/2018,CAE,757,430,354,342
5,9/12/2019,CAE,757,430,354,342
6,10/19/2018,CAE,757,394,354,320
7,3/20/2018,CAE,694,324,324,320
8,8/9/2018,CAE,694,324,324,320
10,10/17/2018,CAE,694,324,324,324
11,12/31/2019,CAE,757,324,324,320
12,5/20/2019,CAE,757,430,354,342
13,6/22/2019,CAE,757,430,354,320
14,1/28/2018,CAE,757,430,354,320
15,5/27/2018,CAE,694,311,311,311
16,12/18/2018,CAE,694,311,311,311
17,5/17/2018,CAE,694,325,325,320
18,3/29/2019,CAE,694,325,325,320
19,10/30/2018,CAE,694,325,325,320
20,5/22/2018,CAE,694,314,314,313
21,5/17/2019,CAE,694,314,314,314
22,11/8/2019,CAE,694,158,158,158
23,7/16/2019,CAE,694,359,343,313
24,3/24/2018,CAE,347,341,341,283
25,12/9/2019,CAE,576,347,341,313
26,11/20/2019,CAE,694,311,311,311
27,8/20/2018,CAE,279,279,279,279
28,6/27/2019,CAE,279,279,279,279
29,3/1/2019,CAE,279,279,279,279
30,6/4/2018,CAE,287,287,287,287
31,7/4/2018,CAE,287,287,287,287
32,4/7/2019,CAE,298,298,298,298
33,6/24/2018,CAE,359,127,127,127
34,11/20/2019,CAE,298,242,242,242
35,3/21/2018,CAE,287,287,287,287
36,7/3/2019,CAE,287,287,287,287
37,6/12/2019,CAE,694,367,343,320
38,11/27/2019,CAE,694,367,343,320
39,2/23/2019,CAE,855,532,423,420
40,1/26/2020,CAE,694,300,300,300
41,2/1/2019,CAE,694,300,300,300
42,10/10/2018,CAE,694,367,343,320
43,9/5/2019,CAE,694,367,320,320
44,10/4/2019,CAE,694,311,311,311
45,10/26/2018,CAE,694,300,300,300
46,1/9/2020,CAE,694,300,300,300
47,7/5/2018,CAE,694,359,343,320
48,4/22/2019,CAE,694,359,342,320
49,8/7/2019,CAE,757,394,342,320
50,9/30/2019,CAE,757,394,354,342
51,9/15/2018,CAE,757,394,354,342
52,10/6/2018,CAE,757,394,354,342
53,9/29/2018,CAE,757,394,354,342
54,4/7/2019,CAE,757,394,354,342
55,11/25/2019,CAE,757,394,354,342
56,2/23/2018,CAE,757,394,354,342
57,5/30/2019,CAE,854,533,360,350
58,2/23/2019,CAE,854,533,360,350
59,3/17/2018,CAE,901,584,417,372
60,2/4/2019,CAE,757,394,354,320
61,4/8/2019,CAE,694,359,343,320
62,4/2/2018,CAE,694,359,343,320
63,1/30/2019,CAE,694,359,343,320
64,4/6/2019,CAE,757,430,354,342
65,9/16/2019,CAE,757,394,354,354
66,3/24/2018,CAE,757,430,354,342
67,1/22/2018,CAE,757,430,354,342
68,4/29/2019,CAE,757,430,354,342
69,10/9/2019,CAE,854,533,360,350
70,6/18/2018,CAE,694,367,343,342
71,12/17/2018,CAE,757,402,354,342
72,7/26/2018,CAE,757,402,354,342
73,8/26/2019,CAE,757,430,354,342
74,7/6/2018,CAE,757,430,354,342
75,8/2/2019,CAE,757,430,354,342
76,7/15/2019,CAE,757,430,354,342
77,1/30/2019,CAE,757,430,354,342
78,1/21/2020,CAE,757,430,354,350
79,3/16/2019,CAE,881,569,414,366
80,8/25/2019,CAE,854,533,402,350
81,2/20/2019,CAE,1057,731,508,446
82,7/12/2018,CAE,1040,694,440,440
83,2/11/2019,CAE,1103,746,542,452
84,12/24/2018,CAE,881,569,414,366
85,10/24/2018,CAE,881,569,414,366
86,9/16/2019,CAE,881,569,414,366
87,11/5/2019,CAE,881,569,414,366
88,5/26/2018,CAE,1206,694,491,440
89,4/24/2019,CAE,901,584,417,372
90,12/20/2019,CAE,901,584,417,382
91,6/23/2019,CAE,901,584,417,372
92,2/17/2018,CAE,901,584,417,372
93,2/21/2018,CAE,901,584,417,372
94,7/14/2019,CAE,901,584,417,382
95,7/6/2019,CAE,901,584,417,372
96,10/14/2018,CAE,892,805,542,470
97,6/26/2019,CAE,901,584,417,372
98,10/7/2019,CAE,901,584,417,372
99,5/3/2019,CAE,1103,746,542,452
1,4/10/2018,CHA,757,392,354,346
2,1/29/2020,CHA,757,392,354,346
3,5/29/2019,CHA,757,430,354,346
4,1/22/2019,CHA,854,392,360,354
5,3/11/2018,CHA,757,392,354,346
6,9/28/2019,CHA,757,393,354,346
7,9/3/2018,CHA,757,336,336,336
8,5/17/2019,CHA,757,336,336,336
10,8/27/2019,CHA,757,336,336,336
11,3/13/2019,CHA,757,336,336,336
12,3/28/2018,CHA,757,392,354,346
13,7/30/2018,CHA,757,430,354,346
14,1/25/2020,CHA,757,430,354,346
15,3/5/2018,CHA,694,342,342,324
16,3/17/2019,CHA,694,342,342,324
17,8/4/2018,CHA,694,359,343,343
18,5/1/2018,CHA,757,370,354,346
19,3/16/2019,CHA,694,359,343,343
20,7/3/2019,CHA,694,334,334,324
21,5/29/2018,CHA,694,334,334,324
22,3/11/2019,CHA,694,178,178,178
23,2/21/2019,CHA,694,359,343,324
24,6/16/2018,CHA,694,359,343,324
25,10/4/2018,CHA,576,347,341,324
26,1/13/2018,CHA,694,342,342,324
27,8/15/2018,CHA,286,286,286,286
28,1/30/2018,CHA,286,286,286,286
29,6/28/2019,CHA,286,286,286,286
30,11/13/2019,CHA,282,282,282,282
31,4/30/2019,CHA,282,282,282,282
32,9/20/2019,CHA,306,306,306,306
33,3/22/2018,CHA,757,146,146,146
34,4/23/2019,CHA,306,306,306,306
35,4/4/2018,CHA,282,282,282,282
36,11/22/2018,CHA,282,282,282,282
37,6/10/2018,CHA,285,285,285,285
38,1/8/2019,CHA,285,285,285,285
39,9/29/2018,CHA,699,511,417,421
40,10/10/2019,CHA,298,298,298,243
41,6/9/2019,CHA,298,298,298,243
42,10/24/2018,CHA,285,285,285,285
43,12/9/2019,CHA,694,359,324,324
44,3/31/2018,CHA,694,342,343,324
45,11/22/2019,CHA,298,298,298,243
46,4/7/2019,CHA,298,298,298,243
47,1/16/2020,CHA,694,359,324,324
48,2/13/2018,CHA,299,299,299,299
49,7/22/2018,CHA,299,299,299,299
50,9/5/2018,CHA,757,394,354,346
51,8/23/2018,CHA,757,361,354,346
52,6/9/2019,CHA,694,303,303,303
53,7/21/2018,CHA,694,303,303,303
54,5/29/2019,CHA,757,394,354,346
55,5/31/2019,CHA,757,394,354,346
56,3/16/2019,CHA,757,394,354,346
57,9/19/2019,CHA,854,533,360,354
58,3/7/2019,CHA,854,533,360,354
59,11/6/2019,CHA,881,569,414,366
60,7/25/2018,CHA,694,303,303,303
61,1/17/2019,CHA,694,359,324,324
62,9/30/2019,CHA,694,359,343,324
63,6/23/2018,CHA,694,361,343,324
64,4/23/2019,CHA,694,361,343,343
65,1/29/2019,CHA,694,367,343,343
66,3/7/2019,CHA,694,361,343,343
67,6/3/2018,CHA,757,361,354,346
68,7/19/2018,CHA,757,361,354,346
69,10/3/2018,CHA,757,430,354,354
70,6/15/2019,CHA,694,326,326,324
71,4/3/2019,CHA,359,327,327,324
72,1/9/2020,CHA,694,359,343,324
73,8/29/2018,CHA,757,327,327,327
74,5/10/2019,CHA,694,327,327,327
75,8/28/2019,CHA,757,327,327,327
76,2/24/2018,CHA,757,327,327,327
77,12/13/2019,CHA,757,326,326,326
78,6/8/2018,CHA,757,346,346,346
79,12/2/2018,CHA,854,533,360,354
80,11/20/2018,CHA,854,533,402,354
81,2/21/2019,CHA,1040,694,440,440
82,11/30/2018,CHA,1040,694,440,440
83,1/28/2020,CHA,1103,746,542,452
84,7/3/2019,CHA,881,569,414,366
85,11/14/2018,CHA,881,569,366,366
86,5/28/2018,CHA,881,569,366,366
87,4/2/2019,CHA,854,533,360,354
88,1/13/2020,CHA,1206,694,440,440
89,4/18/2019,CHA,881,569,414,366
90,1/9/2018,CHA,901,584,417,386
91,3/21/2018,CHA,901,584,417,372
92,8/14/2018,CHA,901,584,417,372
93,9/29/2018,CHA,901,584,417,372
94,1/26/2018,CHA,901,584,417,386
95,12/15/2018,CHA,901,584,417,372
96,4/5/2018,CHA,1557,805,542,468
97,9/8/2018,CHA,901,584,417,372
98,10/23/2018,CHA,901,584,417,372
99,10/30/2018,CHA,1103,746,542,452
1,10/26/2019,DFW,881,569,414,366
2,6/24/2019,DFW,881,569,414,366
3,1/22/2018,DFW,881,569,414,366
4,8/8/2019,DFW,881,569,414,366
5,6/10/2018,DFW,881,569,414,366
6,1/31/2019,DFW,881,569,414,366
7,3/19/2019,DFW,854,533,360,348
8,11/23/2019,DFW,854,533,402,348
10,1/3/2018,DFW,854,533,360,360
11,9/21/2018,DFW,854,533,360,348
12,10/7/2019,DFW,881,569,414,366
13,8/28/2018,DFW,854,533,402,348
14,11/12/2018,DFW,854,533,402,348
15,7/28/2018,DFW,854,533,360,348
16,10/14/2018,DFW,854,533,360,348
17,12/28/2018,DFW,854,444,360,348
18,7/7/2018,DFW,854,444,360,348
19,4/10/2019,DFW,854,444,360,348
20,3/8/2018,DFW,854,447,360,348
21,5/30/2018,DFW,854,447,402,348
22,10/31/2018,DFW,854,447,360,348
23,5/11/2018,DFW,854,533,360,348
24,5/19/2018,DFW,757,430,354,340
25,9/15/2019,DFW,757,430,354,340
26,8/4/2019,DFW,854,533,360,348
27,1/2/2018,DFW,854,533,360,348
28,10/28/2019,DFW,757,430,354,340
29,8/29/2019,DFW,757,430,354,354
30,9/17/2018,DFW,757,402,354,340
31,2/1/2019,DFW,757,402,354,340
32,4/7/2019,DFW,757,434,354,340
33,9/20/2018,DFW,854,533,402,402
34,5/28/2019,DFW,757,434,354,340
35,9/4/2018,DFW,694,367,343,318
36,8/2/2018,DFW,757,402,354,340
37,1/11/2018,DFW,694,294,294,294
38,2/2/2019,DFW,694,294,294,294
39,12/26/2018,DFW,567,532,418,418
40,9/29/2019,DFW,757,430,354,340
41,7/29/2019,DFW,757,430,354,340
42,4/6/2018,DFW,757,294,294,294
43,10/1/2018,DFW,757,430,354,340
44,6/11/2019,DFW,757,430,354,340
45,8/10/2018,DFW,757,430,354,340
46,4/1/2018,DFW,757,430,354,340
47,1/10/2018,DFW,757,430,354,340
48,12/17/2019,DFW,757,430,354,340
49,5/2/2018,DFW,757,430,354,340
50,3/24/2019,DFW,757,430,354,340
51,4/27/2018,DFW,287,287,287,287
52,10/10/2019,DFW,757,430,354,340
53,10/9/2018,DFW,757,430,354,340
54,2/15/2018,DFW,757,430,354,340
55,3/7/2019,DFW,757,430,354,340
56,7/4/2018,DFW,757,430,354,340
57,3/17/2018,DFW,757,430,354,340
58,12/8/2019,DFW,854,533,360,348
59,11/16/2018,DFW,854,533,360,348
60,9/22/2019,DFW,757,402,354,340
61,11/16/2019,DFW,757,402,354,340
62,7/11/2019,DFW,287,287,287,287
63,3/1/2018,DFW,287,287,287,287
64,3/8/2018,DFW,287,287,287,287
65,8/17/2018,DFW,694,287,287,287
66,4/3/2018,DFW,287,287,287,287
67,8/14/2019,DFW,287,287,287,287
68,7/22/2019,DFW,287,287,287,287
69,11/1/2019,DFW,757,430,354,340
70,5/12/2019,DFW,291,291,291,291
71,8/12/2019,DFW,277,277,277,277
72,7/5/2018,DFW,379,347,341,311
73,11/5/2019,DFW,277,277,277,277
74,2/14/2019,DFW,277,277,277,277
75,10/12/2019,DFW,277,277,277,277
76,9/11/2019,DFW,277,277,277,277
77,1/28/2019,DFW,291,291,291,291
78,2/9/2018,DFW,292,292,292,292
79,5/27/2019,DFW,405,367,316,316
80,2/3/2019,DFW,757,394,394,340
81,3/3/2019,DFW,919,559,434,434
82,1/29/2020,DFW,919,559,434,434
83,3/8/2019,DFW,1083,731,508,446
84,6/18/2018,DFW,757,430,354,354
85,12/6/2018,DFW,390,390,354,340
86,3/31/2018,DFW,390,390,354,340
87,8/7/2018,DFW,405,367,343,318
88,7/5/2018,DFW,567,532,416,416
89,1/7/2020,DFW,854,533,360,360
90,12/14/2018,DFW,854,533,402,348
91,5/17/2018,DFW,854,533,360,348
92,6/18/2019,DFW,854,533,360,348
93,4/25/2019,DFW,854,533,402,348
94,4/20/2019,DFW,569,569,414,373
95,9/16/2019,DFW,569,569,414,366
96,4/15/2019,DFW,1557,805,542,542
97,3/24/2018,DFW,569,569,414,366
98,12/26/2018,DFW,569,569,414,366
99,9/18/2019,DFW,731,731,508,446
1,1/12/2020,EWR,302,302,302,302
2,7/1/2018,EWR,302,302,302,302
3,9/1/2018,EWR,339,341,341,313
4,4/6/2019,EWR,302,302,302,302
5,11/11/2018,EWR,302,302,302,302
6,3/12/2018,EWR,292,292,292,283
7,3/11/2019,EWR,115,115,115,115
8,10/13/2018,EWR,276,276,276,276
10,3/12/2019,EWR,276,276,276,276
11,8/14/2018,EWR,276,248,248,248
12,6/20/2019,EWR,302,302,302,302
13,8/8/2018,EWR,339,341,341,313
14,12/23/2018,EWR,339,341,341,283
15,12/18/2018,EWR,295,295,295,295
16,10/26/2019,EWR,295,295,283,283
17,3/25/2018,EWR,284,284,283,283
18,1/10/2020,EWR,284,274,274,274
19,7/2/2019,EWR,284,284,283,283
20,6/7/2019,EWR,292,292,292,292
21,1/5/2019,EWR,292,254,254,254
22,12/8/2019,EWR,136,136,136,136
23,1/25/2019,EWR,576,347,341,313
24,3/22/2019,EWR,694,367,343,320
25,4/10/2018,EWR,694,367,343,320
26,9/15/2018,EWR,295,295,295,295
27,1/10/2020,EWR,694,367,343,320
28,10/6/2018,EWR,694,367,343,320
29,5/15/2018,EWR,694,367,343,343
30,1/4/2019,EWR,757,402,354,342
31,3/30/2019,EWR,757,402,354,342
32,11/13/2018,EWR,757,377,354,342
33,4/4/2018,EWR,854,533,402,402
34,6/28/2019,EWR,757,377,354,342
35,8/28/2018,EWR,757,430,354,342
36,4/28/2018,EWR,757,430,354,342
37,10/25/2019,EWR,757,402,352,342
38,2/5/2018,EWR,757,402,352,342
39,7/25/2018,EWR,919,591,491,434
40,8/17/2018,EWR,694,304,304,249
41,6/18/2019,EWR,694,304,304,249
42,5/9/2018,EWR,757,402,352,342
43,4/29/2019,EWR,694,367,320,320
44,11/13/2019,EWR,295,295,295,295
45,2/6/2019,EWR,694,304,304,249
46,12/17/2019,EWR,694,304,304,249
47,1/2/2019,EWR,757,402,354,320
48,12/26/2018,EWR,694,306,306,306
49,7/27/2018,EWR,694,306,306,306
50,9/18/2018,EWR,757,430,354,342
51,9/4/2019,EWR,854,533,360,350
52,8/8/2018,EWR,757,348,348,348
53,9/2/2019,EWR,757,348,348,348
54,10/3/2018,EWR,757,394,354,342
55,11/4/2019,EWR,757,430,354,342
56,5/30/2018,EWR,854,533,360,342
57,1/8/2020,EWR,881,569,414,366
58,9/24/2019,EWR,854,533,402,350
59,2/28/2018,EWR,901,584,417,372
60,5/6/2019,EWR,757,348,348,348
61,3/30/2019,EWR,757,394,354,342
62,8/29/2019,EWR,757,394,354,342
63,11/11/2018,EWR,757,394,354,342
64,11/30/2019,EWR,854,533,360,350
65,2/18/2019,EWR,757,430,354,354
66,5/2/2018,EWR,854,533,360,350
67,1/22/2018,EWR,854,533,360,350
68,6/12/2019,EWR,854,533,360,350
69,10/31/2019,EWR,854,533,402,350
70,5/9/2019,EWR,854,533,360,350
71,1/20/2019,EWR,854,533,360,350
72,7/12/2018,EWR,854,533,360,350
73,8/28/2019,EWR,854,533,360,350
74,11/7/2019,EWR,854,533,360,350
75,3/4/2019,EWR,854,533,360,350
76,4/28/2018,EWR,854,533,360,350
77,3/14/2019,EWR,854,412,389,350
78,6/3/2019,EWR,881,569,414,366
79,2/10/2018,EWR,901,584,417,372
80,4/10/2018,EWR,881,569,414,375
81,3/10/2019,EWR,1057,731,508,446
82,7/8/2018,EWR,1057,731,508,446
83,12/14/2018,EWR,1103,746,542,452
84,11/6/2019,EWR,901,584,417,372
85,6/23/2019,EWR,901,515,417,372
86,7/25/2018,EWR,901,515,417,372
87,12/22/2018,EWR,881,569,414,366
88,6/22/2019,EWR,1248,731,508,446
89,10/24/2019,EWR,901,584,417,372
90,11/29/2019,EWR,901,501,417,382
91,6/16/2019,EWR,901,501,417,372
92,4/5/2019,EWR,901,501,417,372
93,6/10/2019,EWR,901,501,417,372
94,7/3/2019,EWR,392,392,392,392
95,8/30/2019,EWR,392,392,392,372
96,9/6/2019,EWR,892,805,542,474
97,9/18/2019,EWR,901,584,417,372
98,11/10/2018,EWR,901,584,417,372
99,6/14/2019,EWR,1103,746,542,452
1,5/19/2019,IND,757,353,353,339
2,12/23/2019,IND,757,353,353,339
3,8/13/2019,IND,757,430,354,339
4,6/30/2018,IND,757,353,353,339
5,3/17/2019,IND,757,353,353,339
6,1/3/2020,IND,757,379,354,339
7,4/14/2019,IND,757,326,326,326
8,8/20/2019,IND,757,326,326,326
10,8/2/2019,IND,757,326,326,326
11,5/30/2018,IND,757,326,326,326
12,1/4/2019,IND,757,353,353,339
13,11/19/2019,IND,694,367,343,317
14,5/30/2019,IND,694,367,343,317
15,7/22/2018,IND,299,299,299,299
16,5/27/2019,IND,299,299,299,299
17,9/2/2019,IND,694,352,352,317
18,11/26/2018,IND,694,352,352,317
19,12/8/2019,IND,694,352,352,317
20,4/7/2019,IND,694,332,332,317
21,7/31/2018,IND,694,332,332,317
22,4/5/2019,IND,694,176,176,176
23,10/5/2019,IND,694,367,343,317
24,5/25/2019,IND,694,367,343,317
25,8/26/2019,IND,339,341,341,310
26,12/31/2018,IND,299,299,299,299
27,3/19/2018,IND,694,326,326,317
28,2/3/2018,IND,694,326,317,317
29,8/11/2019,IND,694,326,326,326
30,1/18/2018,IND,694,307,307,307
31,3/18/2019,IND,694,307,307,307
32,4/26/2018,IND,757,342,342,342
33,11/28/2018,IND,854,509,402,402
34,1/9/2020,IND,757,342,342,342
35,2/14/2018,IND,694,307,307,307
36,1/12/2018,IND,694,307,307,307
37,6/11/2018,IND,509,332,310,310
38,5/27/2018,IND,694,332,317,317
39,2/20/2019,IND,855,532,423,417
40,3/27/2019,IND,284,284,280,229
41,5/16/2018,IND,284,284,284,229
42,1/10/2019,IND,347,332,332,310
43,7/6/2018,IND,339,339,280,280
44,2/3/2018,IND,299,299,299,299
45,1/20/2019,IND,284,284,284,229
46,4/24/2018,IND,284,284,280,229
47,10/25/2019,IND,339,339,280,280
48,2/28/2018,IND,294,294,294,294
49,11/6/2019,IND,294,294,294,294
50,4/17/2018,IND,359,343,343,317
51,2/15/2019,IND,299,299,299,299
52,3/19/2019,IND,284,284,284,284
53,8/21/2018,IND,284,284,284,284
54,7/8/2019,IND,321,321,321,317
55,1/14/2018,IND,321,321,321,317
56,7/11/2018,IND,321,321,321,317
57,12/25/2019,IND,757,430,354,339
58,7/26/2019,IND,757,430,354,339
59,7/20/2018,IND,854,533,402,347
60,3/6/2018,IND,284,284,284,280
61,9/25/2018,IND,339,339,280,280
62,6/5/2018,IND,299,299,299,299
63,5/17/2018,IND,299,299,299,299
64,3/2/2019,IND,299,299,299,299
65,11/20/2019,IND,359,299,299,299
66,7/11/2018,IND,299,299,299,299
67,4/23/2019,IND,299,299,299,299
68,8/11/2018,IND,299,299,299,299
69,2/28/2018,IND,757,430,354,339
70,9/4/2018,IND,757,402,354,339
71,8/6/2018,IND,757,329,329,329
72,6/11/2018,IND,694,367,343,317
73,9/23/2019,IND,757,329,329,329
74,2/11/2019,IND,694,329,329,317
75,4/21/2019,IND,757,329,329,329
76,8/28/2018,IND,757,329,329,329
77,5/22/2019,IND,757,401,354,339
78,10/9/2019,IND,757,402,354,339
79,9/29/2018,IND,854,533,360,347
80,10/27/2018,IND,757,430,400,339
81,3/31/2018,IND,1040,694,491,440
82,1/1/2020,IND,919,591,434,424
83,5/11/2018,IND,1083,467,467,446
84,12/30/2019,IND,854,533,402,360
85,10/22/2019,IND,881,435,397,366
86,11/14/2018,IND,881,435,397,366
87,7/25/2018,IND,854,533,402,347
88,12/31/2018,IND,1039,591,474,434
89,3/26/2019,IND,881,435,397,366
90,2/13/2019,IND,881,438,401,372
91,2/18/2019,IND,881,438,401,366
92,5/4/2019,IND,881,438,401,366
93,10/6/2019,IND,901,438,401,372
94,7/7/2018,IND,901,444,417,379
95,9/7/2019,IND,901,444,417,372
96,10/8/2018,IND,1557,805,542,454
97,4/27/2019,IND,901,440,417,372
98,12/2/2018,IND,901,440,417,372
99,11/8/2019,IND,1083,467,467,446
1,10/22/2018,LEX,757,430,354,346
2,11/21/2019,LEX,757,430,354,346
3,8/15/2019,LEX,757,430,354,346
4,10/26/2019,LEX,757,430,354,346
5,3/7/2019,LEX,757,430,354,324
6,11/3/2019,LEX,757,378,354,324
7,12/20/2019,LEX,694,329,324,324
8,1/2/2020,LEX,694,329,329,324
10,11/18/2019,LEX,694,329,329,329
11,11/2/2018,LEX,694,329,329,324
12,4/14/2019,LEX,757,402,354,324
13,11/20/2019,LEX,694,367,343,324
14,2/24/2018,LEX,694,367,343,324
15,1/24/2018,LEX,297,297,297,287
16,2/4/2019,LEX,297,297,297,297
17,8/8/2019,LEX,694,355,324,324
18,6/3/2019,LEX,694,355,324,324
19,5/31/2019,LEX,694,355,343,324
20,10/5/2019,LEX,694,341,341,324
21,1/29/2018,LEX,694,341,341,324
22,5/14/2018,LEX,694,341,341,324
23,1/20/2020,LEX,694,367,343,324
24,7/6/2018,LEX,576,347,341,317
25,8/17/2018,LEX,339,339,339,339
26,9/17/2019,LEX,297,297,297,297
27,7/23/2019,LEX,694,325,324,324
28,7/9/2018,LEX,576,325,324,324
29,11/17/2018,LEX,694,325,325,325
30,7/27/2019,LEX,303,303,303,303
31,11/17/2019,LEX,303,303,303,303
32,1/11/2018,LEX,757,328,328,328
33,11/28/2018,LEX,757,402,400,400
34,12/3/2018,LEX,757,328,328,328
35,1/4/2020,LEX,303,303,303,303
36,3/20/2018,LEX,303,303,303,303
37,2/28/2018,LEX,290,290,290,290
38,2/1/2019,LEX,290,290,290,290
39,4/11/2018,LEX,855,532,423,423
40,4/11/2018,LEX,283,283,283,228
41,4/20/2019,LEX,283,283,283,228
42,7/22/2019,LEX,290,290,290,290
43,11/27/2019,LEX,339,339,339,339
44,10/20/2019,LEX,297,297,287,287
45,12/4/2018,LEX,283,283,283,228
46,7/1/2019,LEX,283,283,283,228
47,10/27/2018,LEX,347,341,317,317
48,1/25/2020,LEX,293,293,293,293
49,6/13/2018,LEX,293,293,293,293
50,9/3/2018,LEX,694,359,343,324
51,10/31/2019,LEX,757,346,346,346
52,4/7/2018,LEX,289,289,289,289
53,8/26/2019,LEX,289,289,289,289
54,6/4/2018,LEX,694,326,326,324
55,5/17/2018,LEX,757,326,326,324
56,4/15/2018,LEX,757,326,326,326
57,5/17/2018,LEX,854,533,360,354
58,5/23/2019,LEX,757,430,354,346
59,1/28/2018,LEX,881,569,414,366
60,11/7/2019,LEX,289,289,289,289
61,3/13/2018,LEX,347,341,317,317
62,6/4/2019,LEX,694,346,324,324
63,1/29/2019,LEX,694,346,324,324
64,2/17/2018,LEX,694,346,324,324
65,10/15/2019,LEX,694,359,343,343
66,3/6/2019,LEX,694,346,324,324
67,2/7/2018,LEX,757,346,346,346
68,3/7/2019,LEX,757,346,346,346
69,11/19/2018,LEX,757,430,354,346
70,6/1/2019,LEX,757,402,354,346
71,10/18/2018,LEX,757,402,354,346
72,7/11/2018,LEX,694,367,343,343
73,6/18/2019,LEX,757,402,354,346
74,4/13/2018,LEX,757,402,354,346
75,4/3/2019,LEX,757,402,354,346
76,7/7/2018,LEX,757,402,354,346
77,5/18/2019,LEX,757,430,354,346
78,10/11/2019,LEX,757,402,354,354
79,4/16/2018,LEX,854,533,360,354
80,8/29/2018,LEX,854,533,402,354
81,6/9/2019,LEX,1040,694,491,440
82,1/22/2020,LEX,1040,694,440,423
83,1/28/2019,LEX,1083,731,508,446
84,3/19/2019,LEX,881,569,414,366
85,1/21/2019,LEX,881,569,396,366
86,4/6/2018,LEX,881,569,396,366
87,2/8/2019,LEX,854,533,402,354
88,5/27/2018,LEX,1206,694,491,440
89,10/14/2018,LEX,881,569,396,366
90,4/23/2018,LEX,901,452,400,386
91,3/11/2018,LEX,901,452,400,372
92,6/8/2018,LEX,901,452,400,372
93,4/15/2018,LEX,901,452,400,372
94,1/30/2020,LEX,901,584,417,386
95,4/30/2019,LEX,901,584,417,372
96,11/3/2018,LEX,1557,805,542,453
97,6/20/2018,LEX,901,584,417,372
98,4/8/2019,LEX,901,584,417,372
99,7/30/2019,LEX,1083,731,508,446
1,3/9/2019,MKE,757,430,354,354
2,1/23/2020,MKE,757,430,354,354
3,3/20/2018,MKE,757,430,354,354
4,3/10/2018,MKE,757,430,354,354
5,11/14/2019,MKE,757,430,354,354
6,7/24/2018,MKE,757,383,354,354
7,12/15/2019,MKE,757,430,354,354
8,2/24/2019,MKE,757,430,400,400
10,12/18/2018,MKE,757,430,354,354
11,9/1/2019,MKE,757,430,354,354
12,5/8/2019,MKE,757,402,354,354
13,12/2/2019,MKE,694,367,343,343
14,8/24/2019,MKE,694,367,343,343
15,11/5/2018,MKE,308,308,308,308
16,1/18/2019,MKE,308,308,308,308
17,1/6/2020,MKE,757,430,354,354
18,11/7/2019,MKE,757,430,354,354
19,4/18/2019,MKE,757,402,354,354
20,3/7/2019,MKE,757,341,341,341
21,11/7/2018,MKE,757,341,341,341
22,7/15/2019,MKE,757,185,185,185
23,9/6/2018,MKE,757,402,354,354
24,5/18/2019,MKE,694,367,343,343
25,2/4/2019,MKE,367,343,343,343
26,1/9/2020,MKE,308,308,308,308
27,12/5/2018,MKE,757,330,330,330
28,9/9/2018,MKE,757,330,330,330
29,4/3/2018,MKE,757,330,330,330
30,5/14/2018,MKE,757,329,329,329
31,8/25/2018,MKE,757,329,329,329
32,5/25/2018,MKE,854,533,360,360
33,11/19/2019,MKE,854,533,402,402
34,11/16/2019,MKE,854,533,366,360
35,11/8/2018,MKE,757,329,329,329
36,8/29/2019,MKE,757,329,329,329
37,7/30/2018,MKE,302,302,302,302
38,2/2/2018,MKE,302,302,302,302
39,1/14/2020,MKE,919,567,434,434
40,1/15/2019,MKE,288,288,288,233
41,8/21/2019,MKE,288,288,288,233
42,10/16/2019,MKE,302,302,302,302
43,9/27/2018,MKE,359,343,343,343
44,3/24/2018,MKE,308,308,308,308
45,12/27/2019,MKE,288,288,288,233
46,4/6/2018,MKE,288,288,288,233
47,11/9/2019,MKE,347,341,341,341
48,11/9/2019,MKE,295,295,295,295
49,2/28/2019,MKE,295,295,295,295
50,3/8/2018,MKE,359,343,343,343
51,10/3/2018,MKE,307,307,307,307
52,9/21/2019,MKE,270,270,270,270
53,8/15/2018,MKE,270,270,270,270
54,7/31/2018,MKE,300,300,300,300
55,9/25/2018,MKE,300,300,300,300
56,8/13/2019,MKE,300,300,300,300
57,3/4/2018,MKE,757,430,354,354
58,2/11/2018,MKE,359,343,343,343
59,3/8/2019,MKE,854,533,402,360
60,3/15/2018,MKE,270,270,270,270
61,10/22/2018,MKE,347,341,341,341
62,10/7/2019,MKE,307,307,307,307
63,3/3/2018,MKE,307,307,307,307
64,2/3/2019,MKE,307,307,307,307
65,4/1/2019,MKE,359,307,307,307
66,3/24/2018,MKE,307,307,307,307
67,6/14/2019,MKE,307,307,307,307
68,3/19/2019,MKE,307,307,307,307
69,11/21/2019,MKE,394,354,354,354
70,10/25/2019,MKE,757,402,354,354
71,8/11/2018,MKE,757,402,354,354
72,12/10/2019,MKE,694,367,343,343
73,10/17/2019,MKE,757,402,354,354
74,10/1/2018,MKE,757,402,354,354
75,11/17/2019,MKE,757,402,354,354
76,7/8/2018,MKE,757,402,354,354
77,9/18/2018,MKE,757,430,354,354
78,9/28/2018,MKE,854,448,360,360
79,6/29/2018,MKE,854,533,402,360
80,2/11/2018,MKE,757,402,400,400
81,3/23/2018,MKE,1040,694,491,440
82,5/21/2019,MKE,919,567,434,434
83,8/15/2018,MKE,1083,731,508,446
84,11/8/2018,MKE,854,533,402,360
85,7/25/2018,MKE,881,569,414,366
86,12/24/2019,MKE,854,533,402,360
87,7/5/2018,MKE,854,533,402,360
88,10/21/2018,MKE,1206,694,474,440
89,1/27/2020,MKE,881,569,414,366
90,10/31/2019,MKE,881,569,405,405
91,3/14/2019,MKE,881,569,405,366
92,7/28/2018,MKE,881,569,405,366
93,7/29/2019,MKE,901,584,405,372
94,4/18/2019,MKE,901,584,417,417
95,4/29/2019,MKE,901,584,417,372
96,1/9/2019,MKE,1557,805,542,542
97,3/27/2019,MKE,881,569,414,366
98,2/5/2018,MKE,881,569,414,366
99,5/23/2018,MKE,1083,731,508,446
1,10/23/2019,OAK,901,584,417,372
2,5/4/2019,OAK,901,584,417,372
3,5/22/2018,OAK,901,584,417,372
4,4/24/2019,OAK,901,584,417,372
5,11/10/2019,OAK,901,584,417,372
6,3/13/2018,OAK,901,584,417,372
7,5/23/2018,OAK,901,584,417,372
8,5/18/2018,OAK,901,584,417,417
10,8/31/2019,OAK,901,584,417,372
11,2/17/2018,OAK,901,584,417,372
12,1/22/2019,OAK,901,584,417,372
13,5/4/2018,OAK,901,584,417,372
14,9/29/2019,OAK,901,584,417,372
15,5/6/2018,OAK,901,584,417,372
16,12/11/2018,OAK,901,584,417,372
17,1/28/2019,OAK,901,387,387,372
18,7/13/2019,OAK,901,387,387,372
19,11/30/2018,OAK,901,387,387,372
20,5/30/2019,OAK,901,390,390,372
21,6/2/2019,OAK,901,390,390,390
22,8/18/2019,OAK,901,390,390,372
23,1/29/2020,OAK,901,584,417,372
24,1/31/2018,OAK,901,584,417,372
25,6/22/2018,OAK,901,584,417,372
26,4/21/2019,OAK,901,584,417,372
27,5/24/2019,OAK,901,584,417,372
28,11/25/2019,OAK,901,584,417,372
29,1/14/2020,OAK,901,584,417,372
30,7/18/2019,OAK,901,584,417,372
31,8/9/2018,OAK,901,584,417,372
32,1/10/2020,OAK,901,584,417,372
33,10/20/2018,OAK,901,584,417,417
34,6/17/2019,OAK,901,584,417,372
35,4/10/2019,OAK,901,584,417,372
36,10/14/2018,OAK,901,584,417,372
37,1/26/2018,OAK,901,584,417,372
38,7/1/2018,OAK,881,569,414,366
39,4/16/2018,OAK,1093,746,508,452
40,1/31/2020,OAK,901,584,417,372
41,11/27/2018,OAK,901,584,417,372
42,3/10/2019,OAK,901,584,417,372
43,9/20/2018,OAK,901,584,417,372
44,1/29/2018,OAK,901,584,417,372
45,4/9/2019,OAK,901,584,417,372
46,5/5/2019,OAK,901,584,417,372
47,1/6/2019,OAK,901,584,417,372
48,1/20/2020,OAK,901,584,417,372
49,1/8/2020,OAK,901,584,417,372
50,4/26/2018,OAK,881,569,414,366
51,5/23/2019,OAK,854,533,402,360
52,12/28/2018,OAK,881,434,414,366
53,12/16/2018,OAK,881,434,414,366
54,12/25/2018,OAK,881,569,414,366
55,8/21/2019,OAK,881,569,414,366
56,4/25/2018,OAK,881,569,414,366
57,8/9/2018,OAK,854,533,360,360
58,1/10/2020,OAK,854,533,402,360
59,9/27/2019,OAK,759,430,354,354
60,2/6/2019,OAK,881,434,414,366
61,6/11/2019,OAK,881,569,414,366
62,2/6/2019,OAK,881,569,414,366
63,1/17/2018,OAK,881,569,414,366
64,10/27/2018,OAK,881,569,414,366
65,5/17/2019,OAK,881,569,414,366
66,7/17/2018,OAK,881,569,414,366
67,9/2/2018,OAK,854,533,402,360
68,12/7/2018,OAK,854,533,402,360
69,1/9/2019,OAK,854,533,402,360
70,12/1/2019,OAK,901,584,417,372
71,2/1/2019,OAK,881,569,414,366
72,7/2/2018,OAK,881,569,414,366
73,9/21/2018,OAK,854,533,402,360
74,7/21/2018,OAK,854,533,402,360
75,4/15/2018,OAK,881,569,414,366
76,5/6/2019,OAK,854,533,402,360
77,7/27/2018,OAK,881,569,414,366
78,10/12/2019,OAK,881,569,414,366
79,5/7/2019,OAK,757,430,354,354
80,6/8/2018,OAK,757,430,400,400
81,6/28/2019,OAK,919,591,434,434
82,11/12/2018,OAK,919,591,434,434
83,11/25/2019,OAK,960,374,374,374
84,8/2/2018,OAK,694,304,304,304
85,12/28/2019,OAK,694,367,343,343
86,8/4/2019,OAK,694,367,343,343
87,1/20/2018,OAK,757,430,354,354
88,9/23/2018,OAK,1206,694,440,440
89,11/16/2019,OAK,694,367,343,343
90,1/28/2019,OAK,280,280,280,280
91,12/28/2019,OAK,280,280,280,280
92,10/15/2019,OAK,280,280,280,280
93,5/17/2019,OAK,280,280,280,280
94,8/23/2018,OAK,126,126,126,126
95,12/16/2018,OAK,126,126,126,126
96,7/16/2018,OAK,1557,805,542,482
97,5/18/2018,OAK,359,343,343,343
98,7/11/2019,OAK,394,347,347,347
99,12/25/2018,OAK,960,374,374,374
1,9/2/2018,ONT,901,584,417,372
2,10/6/2019,ONT,901,584,417,372
3,10/8/2019,ONT,901,584,417,372
4,7/9/2018,ONT,901,584,417,372
5,11/18/2018,ONT,901,584,417,372
6,4/28/2019,ONT,901,584,417,372
7,11/10/2018,ONT,901,584,417,372
8,4/26/2019,ONT,901,584,417,417
10,6/29/2019,ONT,901,584,417,372
11,6/11/2018,ONT,901,584,417,372
12,9/8/2019,ONT,901,584,417,372
13,1/13/2018,ONT,901,584,417,372
14,9/30/2018,ONT,901,584,417,372
15,3/15/2019,ONT,901,584,417,372
16,3/22/2019,ONT,901,584,417,372
17,3/10/2018,ONT,901,411,411,372
18,12/10/2018,ONT,901,411,411,372
19,1/6/2018,ONT,901,411,411,372
20,1/7/2020,ONT,901,414,414,372
21,9/21/2019,ONT,901,414,414,414
22,9/21/2018,ONT,901,414,414,372
23,6/3/2019,ONT,901,584,417,372
24,11/6/2018,ONT,901,584,417,372
25,9/14/2018,ONT,901,584,417,372
26,3/24/2019,ONT,901,584,417,372
27,4/8/2019,ONT,901,584,417,372
28,12/27/2019,ONT,901,584,417,372
29,3/5/2018,ONT,901,584,417,372
30,4/5/2019,ONT,901,584,417,372
31,6/10/2019,ONT,901,584,417,372
32,11/4/2018,ONT,901,401,401,372
33,5/6/2018,ONT,901,584,417,417
34,7/8/2019,ONT,901,401,401,372
35,6/27/2018,ONT,881,569,414,366
36,8/1/2018,ONT,901,584,417,372
37,7/1/2018,ONT,881,569,414,366
38,3/11/2018,ONT,881,569,414,366
39,11/6/2019,ONT,1057,731,508,446
40,12/6/2019,ONT,881,569,414,366
41,3/23/2019,ONT,901,358,358,303
42,8/27/2018,ONT,881,569,414,366
43,12/11/2019,ONT,901,584,417,372
44,1/21/2020,ONT,901,584,417,372
45,5/12/2019,ONT,901,358,358,303
46,10/28/2019,ONT,881,358,358,303
47,9/1/2019,ONT,881,569,414,366
48,2/8/2018,ONT,901,584,417,372
49,9/6/2019,ONT,881,569,414,366
50,3/25/2019,ONT,854,533,402,360
51,9/23/2018,ONT,854,533,402,360
52,3/20/2018,ONT,881,372,372,372
53,8/9/2018,ONT,881,372,372,372
54,1/31/2020,ONT,881,569,414,366
55,10/11/2018,ONT,881,569,414,366
56,6/9/2018,ONT,854,533,402,360
57,4/18/2018,ONT,757,430,400,354
58,1/18/2020,ONT,854,533,402,360
59,8/26/2018,ONT,759,430,354,354
60,9/22/2019,ONT,881,372,372,372
61,1/12/2019,ONT,881,569,414,366
62,3/24/2019,ONT,881,569,414,366
63,7/9/2018,ONT,881,569,414,366
64,7/7/2019,ONT,854,533,402,360
65,1/26/2020,ONT,881,569,414,366
66,12/28/2018,ONT,854,533,402,360
67,4/6/2019,ONT,854,533,402,360
68,10/24/2019,ONT,854,533,402,360
69,3/21/2019,ONT,854,533,402,360
70,3/7/2019,ONT,881,569,414,366
71,2/9/2019,ONT,854,533,402,360
72,1/26/2020,ONT,854,533,402,360
73,8/24/2018,ONT,854,533,360,360
74,10/6/2019,ONT,854,533,360,360
75,8/7/2019,ONT,854,533,360,360
76,6/14/2019,ONT,854,533,360,360
77,12/22/2018,ONT,854,533,360,360
78,8/29/2018,ONT,854,533,360,360
79,12/24/2019,ONT,757,298,298,298
80,6/13/2019,ONT,757,298,298,298
81,3/23/2019,ONT,855,567,423,423
82,5/23/2018,ONT,919,325,325,325
83,8/17/2019,ONT,960,413,413,413
84,2/7/2019,ONT,694,277,277,277
85,2/23/2019,ONT,298,298,298,298
86,3/4/2019,ONT,298,298,298,298
87,1/23/2020,ONT,694,298,298,298
88,1/18/2019,ONT,1039,591,434,434
89,4/21/2019,ONT,298,298,298,298
90,6/29/2018,ONT,121,121,121,121
91,1/5/2020,ONT,120,120,120,120
92,9/28/2019,ONT,121,121,121,121
93,3/16/2019,ONT,274,274,274,274
94,7/21/2018,ONT,297,297,297,297
95,1/2/2019,ONT,297,297,297,297
96,8/28/2019,ONT,892,805,542,455
97,9/20/2018,ONT,757,386,354,354
98,12/15/2019,ONT,757,386,354,354
99,4/18/2018,ONT,960,413,413,413
1,10/31/2019,PHL,576,301,301,301
2,4/19/2018,PHL,576,301,301,301
3,7/7/2018,PHL,694,367,343,326
4,11/28/2018,PHL,694,301,301,301
5,1/30/2019,PHL,694,301,301,301
6,4/25/2018,PHL,295,295,295,295
7,8/19/2018,PHL,276,276,276,276
8,6/8/2019,PHL,276,276,276,276
10,10/6/2018,PHL,276,276,276,276
11,7/20/2019,PHL,276,276,276,276
12,12/5/2019,PHL,509,301,301,301
13,9/10/2019,PHL,576,347,341,319
14,2/24/2018,PHL,509,347,341,319
15,9/1/2019,PHL,576,347,341,289
16,11/8/2018,PHL,339,339,289,289
17,4/11/2019,PHL,286,286,286,286
18,4/8/2018,PHL,286,286,286,286
19,10/26/2018,PHL,286,286,286,286
20,1/1/2019,PHL,287,287,287,287
21,5/28/2018,PHL,287,287,287,287
22,6/28/2018,PHL,131,131,131,131
23,2/15/2019,PHL,339,339,289,289
24,7/24/2018,PHL,576,347,319,319
25,6/15/2019,PHL,694,367,343,319
26,10/16/2018,PHL,576,347,289,289
27,8/7/2018,PHL,576,347,319,319
28,10/19/2019,PHL,694,367,319,319
29,6/2/2018,PHL,694,367,343,343
30,3/24/2018,PHL,757,402,354,326
31,3/28/2018,PHL,757,402,354,326
32,2/6/2018,PHL,757,430,354,348
33,9/21/2018,PHL,757,430,400,400
34,1/30/2018,PHL,757,430,354,348
35,3/11/2018,PHL,757,430,354,348
36,9/22/2018,PHL,757,430,354,326
37,11/9/2018,PHL,757,402,354,326
38,10/15/2019,PHL,757,402,354,348
39,8/3/2019,PHL,919,591,434,434
40,12/26/2018,PHL,694,367,343,326
41,4/3/2019,PHL,694,367,343,326
42,3/25/2019,PHL,694,367,343,326
43,1/10/2018,PHL,694,367,319,319
44,3/2/2019,PHL,694,367,319,319
45,4/21/2019,PHL,694,367,343,326
46,5/16/2019,PHL,694,367,326,326
47,6/3/2019,PHL,694,367,326,326
48,8/4/2018,PHL,694,367,343,326
49,4/15/2019,PHL,694,367,343,326
50,3/3/2018,PHL,757,430,354,348
51,3/6/2018,PHL,854,533,360,348
52,3/7/2018,PHL,757,430,354,348
53,1/1/2020,PHL,757,430,354,348
54,1/27/2019,PHL,757,430,354,348
55,1/19/2020,PHL,757,430,354,348
56,7/31/2019,PHL,757,430,354,348
57,10/21/2018,PHL,881,569,414,356
58,4/28/2019,PHL,854,533,402,356
59,9/19/2019,PHL,901,584,417,372
60,3/25/2019,PHL,757,402,354,326
61,1/24/2020,PHL,757,430,326,326
62,9/29/2019,PHL,757,430,354,348
63,1/6/2019,PHL,757,430,354,348
64,12/25/2018,PHL,757,430,354,348
65,10/6/2018,PHL,757,430,354,354
66,1/9/2020,PHL,757,430,354,348
67,3/5/2019,PHL,854,533,360,356
68,4/17/2018,PHL,854,533,402,348
69,6/18/2018,PHL,854,533,402,356
70,12/10/2018,PHL,854,533,360,348
71,11/10/2018,PHL,854,533,360,348
72,4/1/2018,PHL,854,533,360,348
73,12/8/2019,PHL,854,533,402,356
74,10/1/2018,PHL,854,533,402,348
75,1/13/2018,PHL,854,533,360,356
76,3/16/2019,PHL,854,533,360,356
77,7/28/2018,PHL,854,533,360,356
78,1/14/2018,PHL,854,533,402,356
79,11/8/2019,PHL,881,569,414,366
80,3/9/2018,PHL,881,569,414,381
81,11/18/2018,PHL,1057,731,508,446
82,10/24/2019,PHL,1057,731,446,446
83,2/26/2018,PHL,1103,746,542,452
84,1/20/2019,PHL,901,584,417,372
85,4/21/2018,PHL,901,584,417,372
86,3/11/2019,PHL,901,584,417,372
87,1/18/2019,PHL,881,569,414,366
88,5/10/2019,PHL,1248,731,508,446
89,2/7/2019,PHL,901,584,417,372
90,1/14/2020,PHL,901,584,417,388
91,6/17/2018,PHL,901,584,417,372
92,7/30/2019,PHL,901,584,417,372
93,4/22/2018,PHL,901,584,417,372
94,1/4/2018,PHL,901,584,417,388
95,9/19/2018,PHL,901,584,417,372
96,9/23/2018,PHL,1557,805,542,542
97,10/3/2018,PHL,901,584,417,372
98,2/5/2018,PHL,901,584,417,372
99,9/27/2019,PHL,1103,746,542,452
1,12/10/2018,PHX,901,584,417,372
2,9/27/2018,PHX,901,584,417,372
3,7/27/2019,PHX,901,584,417,372
4,5/8/2018,PHX,901,584,417,372
5,7/22/2019,PHX,901,584,417,372
6,5/8/2018,PHX,901,584,417,372
7,11/1/2018,PHX,901,584,417,372
8,10/20/2018,PHX,901,584,417,377
10,12/11/2018,PHX,901,584,417,372
11,5/7/2018,PHX,901,584,417,372
12,9/24/2018,PHX,901,584,417,372
13,5/7/2018,PHX,901,584,417,372
14,5/5/2018,PHX,901,584,417,372
15,1/15/2018,PHX,896,569,414,366
16,7/19/2019,PHX,901,584,417,372
17,3/18/2019,PHX,901,548,417,372
18,11/30/2019,PHX,901,548,417,372
19,12/27/2019,PHX,901,548,417,372
20,6/18/2018,PHX,901,551,417,372
21,1/30/2020,PHX,901,551,417,377
22,5/3/2018,PHX,901,551,417,372
23,8/21/2019,PHX,901,584,417,372
24,2/15/2018,PHX,901,584,417,372
25,9/22/2018,PHX,881,569,414,366
26,10/27/2018,PHX,901,584,417,372
27,12/13/2019,PHX,901,584,417,372
28,2/21/2018,PHX,881,569,414,366
29,1/3/2020,PHX,901,584,417,372
30,2/7/2018,PHX,881,569,366,366
31,8/1/2019,PHX,881,569,366,366
32,2/19/2019,PHX,901,538,417,372
33,10/3/2018,PHX,901,584,417,417
34,8/20/2019,PHX,901,538,417,372
35,11/12/2018,PHX,881,569,366,366
36,4/28/2019,PHX,881,569,366,366
37,1/18/2019,PHX,881,569,366,366
38,8/3/2018,PHX,854,533,360,345
39,6/7/2019,PHX,1040,694,440,440
40,6/21/2019,PHX,881,569,414,366
41,12/11/2019,PHX,881,569,414,366
42,12/9/2019,PHX,881,569,414,366
43,7/23/2019,PHX,881,569,414,366
44,2/11/2018,PHX,881,569,414,366
45,12/31/2019,PHX,881,569,414,366
46,4/16/2018,PHX,881,569,414,366
47,7/4/2018,PHX,881,569,414,366
48,9/9/2019,PHX,881,507,414,366
49,7/22/2018,PHX,881,507,414,366
50,7/18/2018,PHX,854,533,360,345
51,9/29/2019,PHX,854,533,360,345
52,4/5/2019,PHX,854,434,360,345
53,4/25/2019,PHX,854,434,402,345
54,8/1/2018,PHX,854,533,402,345
55,7/13/2018,PHX,854,533,402,345
56,10/23/2019,PHX,854,533,402,345
57,1/6/2018,PHX,757,394,354,337
58,2/5/2018,PHX,854,533,402,345
59,12/6/2019,PHX,759,394,354,337
60,2/9/2018,PHX,881,434,414,366
61,2/13/2019,PHX,854,533,402,360
62,1/31/2018,PHX,854,533,360,345
63,4/30/2018,PHX,854,533,360,345
64,5/18/2018,PHX,854,533,360,345
65,2/28/2018,PHX,854,533,360,360
66,1/30/2018,PHX,854,533,360,345
67,6/21/2018,PHX,757,430,354,337
68,7/21/2019,PHX,757,430,354,337
69,1/28/2020,PHX,757,430,354,337
70,12/2/2018,PHX,854,334,334,334
71,1/6/2020,PHX,854,330,330,330
72,1/8/2019,PHX,854,533,360,345
73,10/11/2019,PHX,757,330,330,330
74,2/27/2019,PHX,757,330,330,330
75,5/30/2018,PHX,757,330,330,330
76,2/15/2018,PHX,757,330,330,330
77,11/16/2018,PHX,854,334,334,334
78,7/16/2019,PHX,757,330,330,330
79,2/3/2019,PHX,694,277,277,277
80,8/20/2018,PHX,694,277,277,277
81,12/27/2019,PHX,855,524,423,415
82,7/21/2019,PHX,919,304,304,304
83,8/18/2019,PHX,1039,591,434,434
84,10/27/2019,PHX,359,305,305,305
85,12/7/2018,PHX,277,277,277,277
86,1/28/2018,PHX,277,277,277,277
87,1/10/2018,PHX,694,277,277,277
88,6/5/2019,PHX,982,532,423,415
89,6/15/2018,PHX,277,277,277,277
90,7/20/2019,PHX,288,288,288,288
91,4/3/2018,PHX,288,288,288,288
92,10/4/2019,PHX,288,288,288,288
93,8/31/2019,PHX,305,305,305,305
94,10/20/2019,PHX,324,324,324,324
95,1/8/2020,PHX,324,324,324,324
96,11/4/2019,PHX,1557,805,542,483
97,10/4/2018,PHX,757,348,348,345
98,3/26/2019,PHX,854,348,348,345
99,7/28/2018,PHX,1039,591,434,434
1,6/2/2019,RIC,694,359,343,326
2,5/27/2019,RIC,694,359,326,326
3,6/5/2019,RIC,694,359,343,326
4,5/9/2018,RIC,757,394,354,326
5,3/19/2019,RIC,694,359,343,326
6,7/2/2018,RIC,694,359,343,319
7,3/4/2019,RIC,300,300,300,300
8,2/13/2018,RIC,300,300,300,300
10,1/16/2019,RIC,300,300,300,300
11,2/26/2018,RIC,300,300,300,300
12,9/14/2018,RIC,694,359,343,326
13,8/9/2019,RIC,694,359,343,319
14,3/16/2019,RIC,694,359,343,319
15,5/13/2019,RIC,301,301,301,289
16,8/21/2019,RIC,301,301,289,289
17,9/2/2019,RIC,298,298,289,289
18,11/29/2018,RIC,298,298,289,289
19,8/5/2019,RIC,298,298,298,289
20,12/19/2019,RIC,294,294,289,289
21,2/7/2018,RIC,294,248,248,248
22,8/29/2018,RIC,90,90,90,90
23,1/29/2018,RIC,339,339,289,289
24,7/16/2019,RIC,339,339,319,319
25,8/18/2019,RIC,347,341,341,319
26,7/2/2019,RIC,301,301,289,289
27,10/21/2019,RIC,281,281,281,281
28,6/3/2019,RIC,281,281,281,281
29,9/2/2019,RIC,281,281,281,281
30,4/16/2018,RIC,694,308,308,308
31,1/28/2018,RIC,694,308,308,308
32,11/14/2019,RIC,757,340,340,340
33,6/7/2019,RIC,757,402,400,400
34,2/12/2019,RIC,757,340,340,340
35,11/28/2018,RIC,694,308,308,308
36,3/11/2018,RIC,694,308,308,308
37,9/5/2018,RIC,694,303,303,303
38,6/13/2018,RIC,757,303,303,303
39,12/30/2018,RIC,919,591,434,434
40,12/10/2018,RIC,694,308,308,253
41,10/24/2019,RIC,694,308,308,253
42,1/28/2018,RIC,694,303,303,303
43,1/9/2019,RIC,694,367,319,319
44,2/10/2019,RIC,359,343,319,319
45,1/26/2020,RIC,694,308,308,253
46,7/13/2019,RIC,694,308,308,253
47,2/25/2018,RIC,694,367,326,326
48,5/4/2019,RIC,694,304,304,304
49,2/7/2018,RIC,694,304,304,304
50,6/19/2019,RIC,757,430,354,348
51,3/23/2019,RIC,854,533,360,348
52,1/15/2019,RIC,757,367,367,367
53,10/27/2019,RIC,757,312,312,312
54,9/22/2019,RIC,757,430,354,348
55,5/15/2018,RIC,757,430,354,348
56,10/15/2018,RIC,757,430,354,348
57,10/9/2018,RIC,881,569,414,356
58,1/11/2019,RIC,854,533,402,356
59,8/23/2019,RIC,901,584,417,372
60,1/11/2020,RIC,757,312,312,312
61,7/15/2018,RIC,757,430,326,326
62,1/5/2020,RIC,757,430,354,348
63,9/28/2018,RIC,757,430,354,348
64,7/1/2019,RIC,757,430,354,348
65,8/29/2018,RIC,757,430,354,354
66,7/17/2019,RIC,757,430,354,348
67,10/27/2019,RIC,854,533,360,356
68,3/10/2019,RIC,854,533,371,348
69,2/12/2018,RIC,854,533,402,356
70,1/6/2018,RIC,757,430,354,348
71,7/14/2018,RIC,757,430,354,348
72,2/7/2018,RIC,757,430,354,348
73,8/13/2018,RIC,854,533,382,356
74,12/21/2018,RIC,854,533,382,348
75,8/22/2018,RIC,854,533,382,356
76,7/17/2018,RIC,854,533,382,356
77,7/8/2019,RIC,854,533,393,356
78,8/4/2018,RIC,854,533,402,356
79,9/5/2019,RIC,881,569,414,366
80,4/1/2018,RIC,881,569,414,381
81,7/25/2019,RIC,1057,731,508,446
82,3/17/2018,RIC,1057,731,508,446
83,8/18/2019,RIC,1103,746,542,452
84,9/12/2018,RIC,901,584,417,372
85,3/15/2018,RIC,901,584,417,372
86,9/15/2018,RIC,901,584,417,372
87,11/20/2019,RIC,881,569,414,366
88,11/17/2019,RIC,1248,731,491,446
89,1/31/2020,RIC,901,584,417,372
90,6/19/2019,RIC,901,520,417,388
91,8/6/2019,RIC,901,520,417,372
92,6/11/2018,RIC,901,520,417,372
93,6/16/2018,RIC,901,520,417,372
94,4/18/2019,RIC,901,411,411,411
95,9/28/2019,RIC,901,411,411,372
96,12/23/2019,RIC,1557,805,542,478
97,1/3/2019,RIC,901,584,417,372
98,4/5/2018,RIC,901,584,417,372
99,12/16/2019,RIC,1103,746,542,452
1,1/4/2018,TPA,854,533,360,346
2,1/3/2019,TPA,854,533,360,346
3,2/18/2019,TPA,854,533,360,346
4,8/2/2018,TPA,854,533,360,346
5,7/7/2019,TPA,854,533,360,346
6,12/1/2019,TPA,854,533,360,338
7,6/2/2019,TPA,757,430,338,338
8,11/25/2019,TPA,757,430,400,338
10,5/27/2018,TPA,757,430,354,354
11,1/15/2018,TPA,757,430,354,338
12,7/3/2018,TPA,854,533,402,346
13,2/16/2018,TPA,854,533,402,346
14,5/19/2019,TPA,854,533,402,338
15,8/15/2019,TPA,757,430,354,338
16,4/13/2018,TPA,757,430,338,338
17,9/19/2018,TPA,757,389,338,338
18,12/12/2018,TPA,757,389,338,338
19,1/17/2018,TPA,757,389,354,338
20,8/4/2018,TPA,757,392,354,338
21,7/19/2018,TPA,757,392,392,338
22,8/23/2018,TPA,757,392,354,338
23,11/4/2019,TPA,757,394,354,338
24,2/8/2019,TPA,757,394,354,316
25,5/7/2018,TPA,757,394,354,338
26,12/18/2018,TPA,757,430,338,338
27,10/30/2018,TPA,694,359,316,316
28,4/27/2019,TPA,694,359,316,316
29,12/20/2018,TPA,694,359,343,343
30,8/3/2019,TPA,694,283,283,283
31,8/15/2018,TPA,694,283,283,283
32,10/27/2019,TPA,271,271,271,271
33,6/13/2018,TPA,100,100,100,100
34,1/26/2019,TPA,271,217,217,217
35,9/22/2018,TPA,694,283,283,283
36,2/17/2018,TPA,694,283,283,283
37,1/28/2019,TPA,757,402,316,316
38,3/20/2018,TPA,757,402,338,338
39,4/4/2018,TPA,855,524,416,416
40,10/17/2018,TPA,757,402,354,338
41,5/4/2019,TPA,757,336,336,281
42,8/8/2018,TPA,757,402,354,338
43,4/30/2018,TPA,757,430,338,338
44,2/13/2018,TPA,757,430,338,338
45,5/11/2019,TPA,757,336,336,281
46,2/27/2019,TPA,757,336,336,281
47,10/2/2019,TPA,757,430,338,338
48,9/20/2018,TPA,757,430,338,338
49,7/22/2018,TPA,757,430,338,338
50,8/20/2018,TPA,854,533,402,346
51,1/17/2019,TPA,854,533,402,346
52,1/24/2019,TPA,854,350,350,350
53,1/4/2018,TPA,854,350,350,350
54,11/9/2018,TPA,854,533,360,346
55,10/14/2018,TPA,854,533,360,346
56,3/28/2018,TPA,854,533,360,346
57,6/16/2018,TPA,881,569,414,366
58,11/15/2018,TPA,881,569,414,366
59,11/25/2019,TPA,901,584,417,372
60,6/1/2018,TPA,757,350,350,350
61,3/30/2019,TPA,757,430,338,338
62,4/18/2019,TPA,757,430,338,338
63,10/9/2018,TPA,757,430,354,338
64,3/5/2019,TPA,854,533,360,346
65,7/3/2019,TPA,757,430,354,354
66,8/3/2019,TPA,854,533,360,346
67,6/20/2018,TPA,854,533,360,346
68,9/17/2019,TPA,854,533,402,346
69,8/30/2019,TPA,854,533,402,346
70,1/11/2018,TPA,694,359,343,316
71,12/2/2018,TPA,757,394,354,338
72,1/11/2019,TPA,757,430,354,338
73,1/17/2019,TPA,854,439,360,346
74,2/11/2018,TPA,757,439,354,338
75,3/4/2019,TPA,757,439,354,338
76,3/23/2019,TPA,757,439,354,338
77,4/23/2019,TPA,757,438,354,338
78,12/17/2018,TPA,757,430,354,338
79,2/10/2018,TPA,881,569,414,366
80,11/9/2018,TPA,881,569,414,371
81,9/9/2018,TPA,1057,731,508,446
82,5/31/2018,TPA,1057,731,508,446
83,5/4/2019,TPA,1103,746,542,452
84,7/14/2018,TPA,901,584,417,372
85,6/18/2019,TPA,881,569,414,366
86,10/12/2019,TPA,881,569,414,366
87,7/21/2018,TPA,881,569,414,366
88,9/9/2019,TPA,1206,694,491,440
89,9/4/2019,TPA,901,584,417,372
90,2/28/2018,TPA,901,503,417,378
91,9/14/2019,TPA,901,503,417,372
92,7/28/2019,TPA,901,503,417,372
93,1/28/2020,TPA,901,503,417,372
94,4/18/2019,TPA,901,584,417,378
95,4/26/2018,TPA,901,584,417,372
96,2/20/2018,TPA,892,805,542,542
97,4/9/2019,TPA,901,584,417,372
98,1/18/2018,TPA,901,584,417,372
99,11/25/2019,TPA,1103,746,542,452
