44362,on-time
73491,>90dayL
30354,>90dayL
53980,on-time
77609,>90dayL
64994,>90dayL
57353,>90dayL
18362,>90dayL
1565,on-time
16324,>90dayL
77132,on-time
16140,1-7dayL
33436,30-90dayL
36319,7-30dayL
92787,>90dayL
9901,on-time
12015,on-time
80449,>90dayL
55673,on-time
5662,7-30dayL
36877,7-30dayL
1851,on-time
40055,>90dayL
59144,>90dayL
83248,>90dayL
47153,on-time
51172,>90dayL
16154,on-time
23876,on-time
48315,7-30dayL
48659,>90dayL
47821,>90dayL
37911,30-90dayL
27062,on-time
82217,on-time
33035,on-time
12538,on-time
20996,>90dayL
9961,on-time
87679,>90dayL
31099,1-7dayL
15145,on-time
1932,on-time
85715,>90dayL
14623,>90dayL
25846,on-time
21847,30-90dayL
79510,1-7dayL
2393,>90dayL
85781,30-90dayL
57356,>90dayL
15701,30-90dayL
87717,30-90dayL
34959,>90dayL
87560,7-30dayL
47930,>90dayL
40975,on-time
5944,7-30dayL
13914,on-time
28863,30-90dayL
42886,>90dayL
89390,on-time
63803,>90dayL
77986,>90dayL
47255,>90dayL
80800,>90dayL
85707,30-90dayL
4660,>90dayL
90013,30-90dayL
10016,7-30dayL
57755,7-30dayL
11099,>90dayL
88702,>90dayL
15685,>90dayL
8135,on-time
75075,>90dayL
56169,30-90dayL
73132,>90dayL
78924,>90dayL
81846,>90dayL
78139,30-90dayL
4646,on-time
76880,>90dayL
10557,7-30dayL
18898,on-time
1671,on-time
55273,30-90dayL
36519,>90dayL
8085,on-time
53863,on-time
13062,>90dayL
85691,1-7dayL
30057,30-90dayL
34158,>90dayL
77726,30-90dayL
81919,7-30dayL
79601,30-90dayL
77234,7-30dayL
11649,on-time
80557,on-time
81327,>90dayL
49693,>90dayL
16624,30-90dayL
53513,on-time
36619,>90dayL
31186,on-time
76541,>90dayL
83826,on-time
2097,>90dayL
60262,7-30dayL
49779,>90dayL
4162,30-90dayL
88536,>90dayL
54766,on-time
18673,on-time
3548,>90dayL
20351,on-time
41343,>90dayL
17112,>90dayL
41501,on-time
1056,on-time
38838,on-time
16847,>90dayL
91120,>90dayL
46940,>90dayL
34999,on-time
85519,30-90dayL
36740,>90dayL
78855,>90dayL
83309,>90dayL
85730,>90dayL
18520,>90dayL
36674,>90dayL
23891,on-time
9276,on-time
82445,>90dayL
12722,on-time
54981,on-time
46374,>90dayL
78479,>90dayL
20352,on-time
49421,>90dayL
108,>90dayL
78312,7-30dayL
23884,on-time
38964,>90dayL
10997,on-time
32421,>90dayL
91786,>90dayL
8668,>90dayL
33006,on-time
22743,on-time
88186,30-90dayL
4626,>90dayL
18193,7-30dayL
87780,30-90dayL
40288,7-30dayL
9774,>90dayL
15559,30-90dayL
86029,>90dayL
33038,on-time
19995,on-time
52953,on-time
87000,>90dayL
24994,30-90dayL
63853,>90dayL
77635,>90dayL
78865,30-90dayL
44550,on-time
23712,on-time
27838,>90dayL
37220,30-90dayL
28197,on-time
39993,>90dayL
30986,on-time
19740,>90dayL
80877,30-90dayL
87816,30-90dayL
50243,7-30dayL
10104,>90dayL
72008,>90dayL
42858,7-30dayL
23220,on-time
49168,1-7dayL
52973,on-time
9290,on-time
82444,>90dayL
2520,>90dayL
60158,1-7dayL
80083,30-90dayL
51787,>90dayL
25177,on-time
15932,7-30dayL
88080,7-30dayL
21900,>90dayL
17528,on-time
41029,on-time
87894,>90dayL
32082,on-time
36771,>90dayL
30885,>90dayL
81318,1-7dayL
89840,30-90dayL
34552,on-time
89037,30-90dayL
25981,on-time
43621,on-time
55184,>90dayL
40901,>90dayL
28818,>90dayL
88986,>90dayL
12533,on-time
59668,>90dayL
27347,>90dayL
85820,>90dayL
34398,>90dayL
28639,>90dayL
79495,30-90dayL
88867,>90dayL
48669,>90dayL
92906,>90dayL
64277,7-30dayL
7165,7-30dayL
33979,7-30dayL
6442,>90dayL
75386,>90dayL
27647,>90dayL
48222,>90dayL
39476,>90dayL
33916,>90dayL
78390,>90dayL
54843,30-90dayL
87295,30-90dayL
18567,30-90dayL
35382,>90dayL
16604,7-30dayL
53726,>90dayL
50658,>90dayL
16888,>90dayL
5463,7-30dayL
89345,on-time
53145,7-30dayL
21335,on-time
38100,on-time
19625,>90dayL
7169,7-30dayL
66922,>90dayL
708,>90dayL
38151,>90dayL
43491,on-time
17313,>90dayL
32044,on-time
32783,>90dayL
11388,7-30dayL
20994,>90dayL
87844,30-90dayL
92033,>90dayL
87478,>90dayL
46653,>90dayL
58559,30-90dayL
56387,>90dayL
9874,on-time
9814,on-time
56173,>90dayL
29963,on-time
81094,>90dayL
50096,>90dayL
39779,on-time
49573,on-time
88780,on-time
45968,>90dayL
27666,>90dayL
42997,>90dayL
82885,7-30dayL
42291,on-time
39457,>90dayL
57492,on-time
21567,on-time
59477,30-90dayL
43114,>90dayL
18609,30-90dayL
38465,on-time
86453,>90dayL
3541,>90dayL
47071,>90dayL
10296,>90dayL
81531,on-time
89932,30-90dayL
92791,>90dayL
22134,>90dayL
91049,>90dayL
68309,>90dayL
16645,30-90dayL
34766,>90dayL
5917,on-time
20036,1-7dayL
76347,>90dayL
83820,30-90dayL
40434,30-90dayL
2455,>90dayL
60022,>90dayL
22806,on-time
18618,30-90dayL
33225,>90dayL
56242,>90dayL
22535,on-time
50049,on-time
29003,on-time
6296,30-90dayL
28806,>90dayL
45262,on-time
2103,>90dayL
21917,7-30dayL
18691,7-30dayL
27760,>90dayL
56735,7-30dayL
81429,7-30dayL
37348,>90dayL
25212,>90dayL
59837,>90dayL
15195,7-30dayL
22523,on-time
15109,on-time
6432,>90dayL
4182,>90dayL
67043,>90dayL
78942,30-90dayL
48861,30-90dayL
21993,7-30dayL
24028,on-time
78040,>90dayL
73356,>90dayL
39975,>90dayL
80936,30-90dayL
43543,on-time
17058,>90dayL
81755,>90dayL
50808,>90dayL
79898,7-30dayL
83418,30-90dayL
38876,on-time
16180,on-time
46161,>90dayL
41093,on-time
13816,>90dayL
89159,>90dayL
29700,on-time
40676,on-time
91716,>90dayL
56667,on-time
50115,on-time
84509,>90dayL
13295,on-time
13365,on-time
39598,>90dayL
50195,>90dayL
58814,1-7dayL
54905,>90dayL
30403,30-90dayL
5432,7-30dayL
24628,>90dayL
39348,on-time
45490,>90dayL
26935,7-30dayL
52109,>90dayL
52993,>90dayL
89135,>90dayL
9214,on-time
11081,30-90dayL
83138,on-time
56198,on-time
20100,on-time
43681,7-30dayL
85285,30-90dayL
35821,>90dayL
1553,on-time
43267,30-90dayL
67751,>90dayL
30144,on-time
25756,>90dayL
81188,on-time
50716,>90dayL
32081,on-time
85256,30-90dayL
85098,>90dayL
12507,>90dayL
19667,>90dayL
4334,>90dayL
38847,>90dayL
36201,on-time
8656,>90dayL
80844,>90dayL
891,on-time
90114,1-7dayL
89740,>90dayL
40966,on-time
78189,>90dayL
33694,on-time
17550,on-time
83983,1-7dayL
56789,>90dayL
44312,on-time
48042,>90dayL
79909,on-time
52773,>90dayL
48823,>90dayL
59672,>90dayL
44049,on-time
30242,on-time
43715,>90dayL
28235,30-90dayL
2142,>90dayL
42409,30-90dayL
5155,30-90dayL
21181,>90dayL
91782,>90dayL
87044,>90dayL
46287,1-7dayL
20259,>90dayL
38153,on-time
64803,>90dayL
53541,>90dayL
90265,>90dayL
19073,on-time
27949,1-7dayL
23853,on-time
59717,1-7dayL
21327,on-time
49102,on-time
51457,>90dayL
47918,>90dayL
45897,>90dayL
40374,30-90dayL
24613,>90dayL
25875,on-time
44528,7-30dayL
46987,>90dayL
27977,on-time
29369,>90dayL
78612,1-7dayL
28651,>90dayL
42192,>90dayL
63674,>90dayL
87405,on-time
81268,30-90dayL
78385,7-30dayL
49678,30-90dayL
83762,>90dayL
54992,on-time
22430,7-30dayL
27587,on-time
40039,>90dayL
41601,>90dayL
88833,30-90dayL
14250,>90dayL
17606,on-time
45104,>90dayL
24180,>90dayL
36780,>90dayL
79639,30-90dayL
33402,30-90dayL
88754,>90dayL
59370,>90dayL
52813,>90dayL
46396,7-30dayL
1036,on-time
8467,>90dayL
18000,7-30dayL
11892,on-time
46049,>90dayL
82164,1-7dayL
45094,>90dayL
29632,>90dayL
88045,>90dayL
40835,>90dayL
22350,>90dayL
56710,on-time
43398,>90dayL
42138,>90dayL
28928,on-time
28948,1-7dayL
51775,>90dayL
13866,on-time
44533,7-30dayL
6258,30-90dayL
57548,7-30dayL
10312,>90dayL
50963,on-time
21757,>90dayL
26590,7-30dayL
74666,>90dayL
38454,on-time
16505,7-30dayL
27152,on-time
78374,>90dayL
38931,on-time
46982,>90dayL
5747,7-30dayL
54845,30-90dayL
40849,>90dayL
700,>90dayL
88891,on-time
22717,>90dayL
34269,>90dayL
2521,>90dayL
55885,>90dayL
84709,7-30dayL
85989,30-90dayL
30981,on-time
12907,30-90dayL
46072,>90dayL
88445,30-90dayL
7446,>90dayL
77944,>90dayL
38918,on-time
21081,>90dayL
87174,>90dayL
43403,>90dayL
82237,>90dayL
44306,on-time
35917,>90dayL
26274,7-30dayL
37646,on-time
10308,>90dayL
50949,on-time
57017,on-time
37895,>90dayL
79097,30-90dayL
91318,>90dayL
86828,>90dayL
79188,on-time
83382,1-7dayL
66482,>90dayL
8063,on-time
53815,>90dayL
38985,30-90dayL
42627,on-time
78001,>90dayL
10272,>90dayL
29534,>90dayL
78453,>90dayL
55813,7-30dayL
46819,on-time
22063,>90dayL
47739,>90dayL
50728,>90dayL
7692,1-7dayL
46423,on-time
91516,>90dayL
11910,on-time
7863,on-time
41875,on-time
55657,on-time
28961,on-time
49677,7-30dayL
20569,30-90dayL
10541,on-time
25100,1-7dayL
51967,on-time
50242,7-30dayL
51629,>90dayL
15679,>90dayL
41107,on-time
41442,on-time
40404,1-7dayL
81128,30-90dayL
1160,on-time
89384,30-90dayL
5197,on-time
90160,>90dayL
20155,1-7dayL
39788,on-time
6920,on-time
26351,>90dayL
17985,7-30dayL
32163,1-7dayL
11261,7-30dayL
82690,1-7dayL
17866,7-30dayL
42493,>90dayL
47109,>90dayL
39946,>90dayL
6048,>90dayL
44903,on-time
29752,30-90dayL
85729,>90dayL
45379,on-time
59392,7-30dayL
25673,30-90dayL
8096,on-time
31657,on-time
17547,on-time
87882,30-90dayL
81798,30-90dayL
82659,>90dayL
27360,>90dayL
80853,>90dayL
20301,on-time
50786,>90dayL
8774,7-30dayL
14394,>90dayL
36833,on-time
89762,30-90dayL
20203,on-time
20551,>90dayL
21949,on-time
59125,>90dayL
58512,7-30dayL
55971,30-90dayL
29533,>90dayL
32979,on-time
8036,on-time
38858,on-time
42399,30-90dayL
72543,>90dayL
32146,7-30dayL
44128,>90dayL
8452,>90dayL
73509,>90dayL
5736,7-30dayL
5297,on-time
10785,>90dayL
45834,>90dayL
50147,>90dayL
44551,on-time
35220,>90dayL
78207,>90dayL
82299,>90dayL
28150,on-time
942,on-time
29038,30-90dayL
22475,on-time
88074,>90dayL
23874,on-time
90052,30-90dayL
19657,on-time
57159,on-time
29202,on-time
93241,>90dayL
49849,>90dayL
82177,on-time
71702,on-time
50468,>90dayL
87746,30-90dayL
31077,on-time
53135,>90dayL
44768,>90dayL
50196,>90dayL
28350,>90dayL
49772,>90dayL
35978,>90dayL
20962,>90dayL
82400,>90dayL
20945,>90dayL
10621,on-time
46702,on-time
59459,>90dayL
57183,7-30dayL
81800,30-90dayL
82066,>90dayL
16886,>90dayL
49094,on-time
11342,on-time
44396,on-time
15134,on-time
30239,on-time
89826,>90dayL
85524,30-90dayL
35219,>90dayL
91927,>90dayL
23420,>90dayL
35541,on-time
30663,>90dayL
25770,>90dayL
55296,>90dayL
21352,on-time
18765,on-time
57613,>90dayL
47892,>90dayL
34711,7-30dayL
36663,1-7dayL
84387,7-30dayL
77716,7-30dayL
50798,>90dayL
9137,>90dayL
67617,>90dayL
31735,>90dayL
3281,on-time
86720,>90dayL
21124,30-90dayL
52890,1-7dayL
2330,>90dayL
53016,1-7dayL
43704,>90dayL
91573,>90dayL
56795,>90dayL
4731,1-7dayL
5396,>90dayL
1941,on-time
52937,on-time
56196,on-time
6043,>90dayL
22581,on-time
59031,>90dayL
77812,>90dayL
6825,on-time
53430,1-7dayL
6749,7-30dayL
25204,30-90dayL
80777,>90dayL
1939,on-time
57049,on-time
21652,>90dayL
2268,>90dayL
86030,1-7dayL
9991,on-time
46047,>90dayL
84551,>90dayL
45170,>90dayL
24933,on-time
52315,30-90dayL
89784,30-90dayL
84375,1-7dayL
14835,on-time
41088,on-time
32184,on-time
56341,>90dayL
87421,30-90dayL
36510,>90dayL
14040,7-30dayL
51054,30-90dayL
21260,on-time
32339,>90dayL
41538,>90dayL
42520,>90dayL
40828,>90dayL
80197,>90dayL
60199,7-30dayL
91122,>90dayL
88881,7-30dayL
50785,>90dayL
51091,>90dayL
81299,on-time
22294,>90dayL
52803,>90dayL
44324,7-30dayL
79147,>90dayL
17268,>90dayL
39994,>90dayL
85926,>90dayL
65144,>90dayL
40242,on-time
58828,1-7dayL
86080,>90dayL
45026,30-90dayL
55562,>90dayL
23004,>90dayL
5450,7-30dayL
76326,>90dayL
40056,>90dayL
82951,on-time
49768,>90dayL
41256,1-7dayL
18648,>90dayL
34757,>90dayL
26721,30-90dayL
13747,>90dayL
38655,>90dayL
31878,>90dayL
90482,>90dayL
48622,>90dayL
47033,>90dayL
59029,>90dayL
86256,30-90dayL
36688,>90dayL
36605,7-30dayL
10447,>90dayL
29284,30-90dayL
74362,>90dayL
8223,on-time
31002,>90dayL
44863,>90dayL
50000,on-time
23664,>90dayL
89809,30-90dayL
29106,>90dayL
7895,on-time
35542,>90dayL
9124,>90dayL
51293,>90dayL
2774,on-time
14279,7-30dayL
9968,on-time
89512,7-30dayL
36790,on-time
13104,>90dayL
36082,30-90dayL
53154,7-30dayL
51559,>90dayL
8877,>90dayL
38081,>90dayL
87899,7-30dayL
8933,on-time
90147,1-7dayL
59165,>90dayL
22611,on-time
33846,>90dayL
7103,7-30dayL
8616,30-90dayL
13681,on-time
26512,30-90dayL
8502,>90dayL
20063,on-time
71697,>90dayL
23762,on-time
70708,30-90dayL
55800,on-time
52873,on-time
59278,1-7dayL
18992,on-time
32607,>90dayL
89280,on-time
52868,>90dayL
21462,on-time
84135,1-7dayL
45422,on-time
44477,on-time
19798,>90dayL
49010,30-90dayL
85102,30-90dayL
27815,>90dayL
10304,7-30dayL
55436,>90dayL
91367,>90dayL
5688,7-30dayL
81140,on-time
72697,>90dayL
48261,>90dayL
7927,on-time
13923,on-time
24651,>90dayL
48814,>90dayL
21522,on-time
28568,7-30dayL
5402,>90dayL
85024,30-90dayL
6636,7-30dayL
89941,30-90dayL
46053,>90dayL
29690,>90dayL
79179,>90dayL
24980,30-90dayL
17732,on-time
57988,1-7dayL
48894,>90dayL
46516,>90dayL
83909,>90dayL
51716,>90dayL
53043,>90dayL
54133,>90dayL
65225,>90dayL
17366,>90dayL
70134,>90dayL
29036,30-90dayL
16840,>90dayL
92374,>90dayL
76127,30-90dayL
77705,30-90dayL
48925,>90dayL
24976,7-30dayL
4450,>90dayL
44540,on-time
82116,7-30dayL
12982,7-30dayL
9789,>90dayL
10885,30-90dayL
56719,on-time
25759,>90dayL
47219,1-7dayL
38399,30-90dayL
19024,on-time
84621,>90dayL
17457,on-time
49092,on-time
10657,on-time
55507,>90dayL
51612,on-time
5989,>90dayL
6716,7-30dayL
27576,on-time
9420,>90dayL
33153,7-30dayL
39180,>90dayL
41339,>90dayL
50214,>90dayL
22373,>90dayL
28596,on-time
83287,1-7dayL
77683,>90dayL
9038,>90dayL
58468,7-30dayL
88940,30-90dayL
81630,1-7dayL
45517,7-30dayL
79965,>90dayL
12660,on-time
49062,7-30dayL
1118,on-time
18979,>90dayL
53561,>90dayL
81840,7-30dayL
75629,30-90dayL
59786,on-time
14455,>90dayL
45495,>90dayL
14030,on-time
59432,on-time
23379,>90dayL
38892,7-30dayL
6847,on-time
65543,>90dayL
28338,>90dayL
11918,on-time
14487,>90dayL
28052,on-time
15619,>90dayL
83428,on-time
90205,>90dayL
88593,30-90dayL
48987,>90dayL
47846,>90dayL
4949,30-90dayL
26666,>90dayL
56526,>90dayL
64185,>90dayL
26942,7-30dayL
76132,>90dayL
38342,on-time
18963,>90dayL
4279,on-time
88443,>90dayL
60086,7-30dayL
16235,on-time
29673,>90dayL
2148,>90dayL
55915,30-90dayL
85190,7-30dayL
16176,on-time
76145,>90dayL
44940,on-time
40928,>90dayL
26583,>90dayL
12508,>90dayL
39782,7-30dayL
22538,on-time
56724,on-time
55867,on-time
1529,on-time
47406,on-time
19076,on-time
91207,>90dayL
44394,on-time
27636,>90dayL
54521,>90dayL
81186,on-time
89902,30-90dayL
88762,7-30dayL
12767,>90dayL
60250,7-30dayL
38388,on-time
58593,30-90dayL
59934,>90dayL
86240,30-90dayL
83083,>90dayL
41421,on-time
41439,on-time
21102,>90dayL
59992,>90dayL
1208,on-time
77415,>90dayL
22033,>90dayL
81134,>90dayL
50860,>90dayL
19542,>90dayL
87726,7-30dayL
88879,7-30dayL
10310,>90dayL
9017,30-90dayL
29904,30-90dayL
7271,30-90dayL
63096,>90dayL
25588,>90dayL
42481,>90dayL
45541,1-7dayL
80322,on-time
60668,30-90dayL
89343,>90dayL
8165,on-time
53538,on-time
83008,on-time
50874,>90dayL
49184,1-7dayL
86741,30-90dayL
89571,>90dayL
10332,>90dayL
42929,7-30dayL
50566,>90dayL
35099,>90dayL
25029,on-time
8920,7-30dayL
51188,7-30dayL
21622,7-30dayL
84191,>90dayL
26824,>90dayL
25071,>90dayL
77988,>90dayL
14512,>90dayL
30199,on-time
15945,>90dayL
13068,30-90dayL
57949,>90dayL
24908,7-30dayL
38519,on-time
89800,30-90dayL
7666,1-7dayL
52425,>90dayL
82156,>90dayL
46901,>90dayL
716,>90dayL
58170,>90dayL
82760,7-30dayL
5157,30-90dayL
15220,7-30dayL
51810,>90dayL
57668,on-time
27847,>90dayL
14711,>90dayL
7474,>90dayL
25117,on-time
16433,on-time
31242,on-time
83298,>90dayL
36549,>90dayL
87889,>90dayL
49247,>90dayL
45827,1-7dayL
1712,>90dayL
84581,7-30dayL
78831,7-30dayL
46265,>90dayL
73186,>90dayL
49858,>90dayL
87370,30-90dayL
10537,on-time
11691,7-30dayL
90061,7-30dayL
46387,>90dayL
13759,>90dayL
9347,on-time
17602,on-time
55349,>90dayL
58959,30-90dayL
84954,on-time
57006,1-7dayL
38906,7-30dayL
19160,>90dayL
16412,on-time
17536,on-time
34614,on-time
55247,on-time
46182,on-time
15115,on-time
907,on-time
41739,>90dayL
36974,on-time
81301,on-time
58363,on-time
60198,on-time
3253,on-time
29582,>90dayL
19052,on-time
83060,7-30dayL
24714,>90dayL
21581,on-time
23019,>90dayL
22563,on-time
2189,>90dayL
47830,>90dayL
1927,on-time
38860,on-time
2031,>90dayL
52391,>90dayL
48152,on-time
20462,>90dayL
46394,7-30dayL
43807,30-90dayL
32656,on-time
42813,7-30dayL
33345,30-90dayL
86986,>90dayL
85322,on-time
3196,30-90dayL
25539,on-time
5818,>90dayL
26262,>90dayL
48311,7-30dayL
25508,on-time
42755,>90dayL
89965,30-90dayL
50601,>90dayL
58079,>90dayL
47951,>90dayL
978,on-time
21166,>90dayL
16444,on-time
39113,>90dayL
52733,>90dayL
86421,>90dayL
34865,30-90dayL
53663,>90dayL
9947,on-time
30358,>90dayL
20081,on-time
11470,>90dayL
84400,>90dayL
77469,7-30dayL
7552,7-30dayL
56145,on-time
77503,on-time
57749,7-30dayL
6520,7-30dayL
22733,>90dayL
6290,30-90dayL
17375,>90dayL
58190,>90dayL
23820,on-time
68211,>90dayL
82640,>90dayL
59660,>90dayL
33061,on-time
32229,on-time
35005,>90dayL
56535,on-time
13305,on-time
52880,on-time
35804,on-time
16073,on-time
39750,>90dayL
85742,30-90dayL
83307,30-90dayL
40100,on-time
10998,on-time
22030,>90dayL
33158,7-30dayL
25602,>90dayL
66059,>90dayL
12975,7-30dayL
30957,1-7dayL
92820,30-90dayL
11341,on-time
52030,1-7dayL
20265,on-time
79785,>90dayL
53886,7-30dayL
77409,>90dayL
92647,>90dayL
78811,>90dayL
22522,on-time
31142,>90dayL
27322,>90dayL
54050,on-time
53421,1-7dayL
59735,30-90dayL
82403,30-90dayL
70125,30-90dayL
64268,>90dayL
92504,>90dayL
41870,on-time
53114,>90dayL
4080,30-90dayL
53550,>90dayL
31156,on-time
7435,>90dayL
44686,30-90dayL
25907,on-time
47702,on-time
33105,>90dayL
53539,30-90dayL
67919,>90dayL
46991,>90dayL
51921,1-7dayL
40188,on-time
83634,on-time
2861,on-time
7154,7-30dayL
33737,on-time
45524,on-time
38121,on-time
21427,on-time
9834,on-time
31043,30-90dayL
54846,30-90dayL
47090,>90dayL
52092,>90dayL
13165,>90dayL
72539,>90dayL
73037,>90dayL
29689,>90dayL
46862,>90dayL
35652,30-90dayL
7297,>90dayL
86163,>90dayL
8523,>90dayL
18179,>90dayL
27645,>90dayL
54903,7-30dayL
19261,>90dayL
73692,>90dayL
40765,>90dayL
26098,on-time
26597,on-time
19262,>90dayL
4181,>90dayL
7861,on-time
8241,on-time
87826,>90dayL
15268,>90dayL
6545,7-30dayL
41196,>90dayL
60583,>90dayL
16475,on-time
31291,>90dayL
42760,on-time
29145,on-time
34585,on-time
64472,7-30dayL
8035,on-time
80217,on-time
43993,on-time
14945,on-time
697,>90dayL
54179,>90dayL
1537,on-time
32861,>90dayL
79120,>90dayL
34533,on-time
78097,30-90dayL
28544,7-30dayL
1282,on-time
46907,>90dayL
19026,on-time
43691,7-30dayL
52983,1-7dayL
23548,30-90dayL
5865,on-time
58523,on-time
51000,on-time
88025,1-7dayL
17767,on-time
25594,>90dayL
21670,>90dayL
18773,on-time
6187,30-90dayL
87032,>90dayL
18645,>90dayL
15070,>90dayL
56174,30-90dayL
88983,>90dayL
5765,7-30dayL
11233,on-time
26119,1-7dayL
87310,30-90dayL
22201,>90dayL
84743,7-30dayL
2210,>90dayL
5232,on-time
17697,>90dayL
29932,on-time
38181,on-time
12517,>90dayL
56715,on-time
26140,on-time
35507,7-30dayL
20949,>90dayL
9621,on-time
59829,>90dayL
2872,on-time
31918,>90dayL
10949,>90dayL
9055,>90dayL
4315,on-time
29374,30-90dayL
2150,>90dayL
5634,>90dayL
25666,30-90dayL
52410,>90dayL
17926,7-30dayL
18942,on-time
29299,>90dayL
67835,>90dayL
25968,30-90dayL
33609,>90dayL
42055,7-30dayL
34183,30-90dayL
32842,>90dayL
57127,>90dayL
85746,30-90dayL
5591,>90dayL
88229,>90dayL
59716,1-7dayL
85751,30-90dayL
89106,30-90dayL
20082,on-time
55357,>90dayL
45276,on-time
14380,>90dayL
49785,>90dayL
79630,7-30dayL
76059,30-90dayL
40179,on-time
4785,>90dayL
44539,on-time
86440,7-30dayL
91384,>90dayL
42699,on-time
58370,on-time
12983,>90dayL
76084,>90dayL
35104,>90dayL
63394,>90dayL
18973,>90dayL
53750,>90dayL
7968,>90dayL
22405,on-time
34037,>90dayL
11457,>90dayL
6477,>90dayL
22379,>90dayL
87172,on-time
51433,>90dayL
15525,>90dayL
76339,30-90dayL
42696,on-time
54875,30-90dayL
18526,>90dayL
86173,>90dayL
45338,on-time
12892,30-90dayL
45453,>90dayL
60394,>90dayL
18725,on-time
31023,on-time
84418,on-time
78438,>90dayL
53860,on-time
42686,on-time
85017,30-90dayL
27526,>90dayL
90658,>90dayL
83173,>90dayL
84807,>90dayL
81283,>90dayL
48404,>90dayL
44360,on-time
2759,on-time
92076,>90dayL
81088,>90dayL
34980,on-time
17445,on-time
57338,>90dayL
32611,>90dayL
30377,>90dayL
9805,>90dayL
56121,1-7dayL
81988,>90dayL
51635,>90dayL
83032,>90dayL
55929,>90dayL
38118,30-90dayL
11456,>90dayL
37667,on-time
4091,30-90dayL
10551,7-30dayL
69636,>90dayL
54061,on-time
90000,30-90dayL
37427,>90dayL
44574,>90dayL
6152,30-90dayL
52780,>90dayL
53799,>90dayL
47934,>90dayL
89986,>90dayL
17700,>90dayL
83192,7-30dayL
80956,7-30dayL
47632,on-time
77577,>90dayL
42504,>90dayL
32910,7-30dayL
24864,30-90dayL
734,>90dayL
22285,30-90dayL
84248,>90dayL
53969,>90dayL
77413,>90dayL
56202,on-time
50563,>90dayL
53658,>90dayL
15647,on-time
55414,>90dayL
50942,1-7dayL
53890,on-time
85238,30-90dayL
59831,>90dayL
27292,>90dayL
56140,on-time
91621,>90dayL
84361,on-time
31133,>90dayL
37288,30-90dayL
87999,>90dayL
86902,30-90dayL
11158,>90dayL
26358,30-90dayL
59263,on-time
86864,>90dayL
4822,on-time
27881,30-90dayL
90254,30-90dayL
46638,>90dayL
26687,>90dayL
19234,7-30dayL
78131,on-time
11355,on-time
2489,>90dayL
46162,>90dayL
45179,>90dayL
2079,>90dayL
53978,on-time
46767,30-90dayL
40411,1-7dayL
47989,>90dayL
42579,>90dayL
55019,>90dayL
44,>90dayL
71111,>90dayL
33146,7-30dayL
15938,>90dayL
4874,>90dayL
2390,>90dayL
55868,on-time
89748,on-time
10706,on-time
86824,>90dayL
91743,>90dayL
35404,on-time
86470,30-90dayL
1594,on-time
47994,>90dayL
26758,>90dayL
46192,1-7dayL
47992,>90dayL
4343,>90dayL
43579,on-time
7910,on-time
6062,>90dayL
51507,7-30dayL
5915,on-time
14991,1-7dayL
27988,30-90dayL
9956,on-time
32974,30-90dayL
40954,on-time
20542,>90dayL
71127,>90dayL
32884,>90dayL
80335,7-30dayL
42472,30-90dayL
83589,7-30dayL
14689,>90dayL
31172,1-7dayL
9849,7-30dayL
34354,>90dayL
25180,on-time
27343,>90dayL
41545,>90dayL
91726,>90dayL
73686,>90dayL
86492,30-90dayL
43735,on-time
9558,>90dayL
9374,7-30dayL
914,on-time
84741,7-30dayL
15969,30-90dayL
90183,>90dayL
92755,>90dayL
3457,on-time
80859,7-30dayL
38210,>90dayL
79151,>90dayL
12218,30-90dayL
49319,7-30dayL
10623,on-time
46919,>90dayL
18695,7-30dayL
89588,30-90dayL
15558,30-90dayL
85183,>90dayL
30033,7-30dayL
5485,30-90dayL
17011,30-90dayL
81680,30-90dayL
82366,>90dayL
38951,on-time
60167,1-7dayL
79973,>90dayL
28973,on-time
50248,>90dayL
77300,>90dayL
55659,on-time
85291,30-90dayL
14809,on-time
29074,7-30dayL
21090,>90dayL
5932,7-30dayL
73526,>90dayL
51035,1-7dayL
18408,>90dayL
89754,30-90dayL
22974,7-30dayL
36106,on-time
32594,1-7dayL
46234,on-time
7609,1-7dayL
27244,>90dayL
43416,>90dayL
19728,>90dayL
22012,on-time
87761,>90dayL
12308,on-time
20436,7-30dayL
19638,>90dayL
2384,>90dayL
86024,30-90dayL
47434,on-time
21732,7-30dayL
21617,7-30dayL
88889,7-30dayL
26261,>90dayL
70128,>90dayL
85774,30-90dayL
7872,on-time
42765,on-time
1456,30-90dayL
32148,7-30dayL
81374,on-time
57027,1-7dayL
57158,on-time
81664,30-90dayL
14492,>90dayL
20304,on-time
37429,>90dayL
63662,>90dayL
37365,on-time
15752,>90dayL
15450,on-time
35289,on-time
86559,1-7dayL
88894,>90dayL
87395,7-30dayL
87477,>90dayL
80916,>90dayL
5759,7-30dayL
51019,on-time
19522,7-30dayL
80347,30-90dayL
57656,on-time
56187,30-90dayL
41011,on-time
11256,7-30dayL
14972,on-time
63579,>90dayL
88404,>90dayL
892,on-time
59917,>90dayL
36127,on-time
86487,30-90dayL
66281,30-90dayL
36621,on-time
39514,>90dayL
51938,on-time
45083,>90dayL
57112,7-30dayL
15547,7-30dayL
42512,>90dayL
4253,on-time
21372,on-time
67848,30-90dayL
17184,>90dayL
11876,30-90dayL
77575,>90dayL
43399,>90dayL
89569,>90dayL
19906,7-30dayL
26625,>90dayL
59494,>90dayL
88572,30-90dayL
87699,30-90dayL
50333,>90dayL
33058,7-30dayL
80107,1-7dayL
44959,>90dayL
40661,7-30dayL
49203,>90dayL
56317,>90dayL
83767,on-time
26816,>90dayL
79477,7-30dayL
32050,on-time
82694,>90dayL
86346,>90dayL
88908,>90dayL
6063,>90dayL
20433,1-7dayL
54394,on-time
19608,>90dayL
58432,7-30dayL
26028,7-30dayL
2597,>90dayL
77805,>90dayL
56425,>90dayL
18162,>90dayL
51818,>90dayL
832,on-time
82936,7-30dayL
43065,>90dayL
5924,7-30dayL
28887,30-90dayL
78891,>90dayL
81480,>90dayL
12978,7-30dayL
31957,30-90dayL
89357,>90dayL
27905,>90dayL
24202,7-30dayL
81690,on-time
48621,on-time
17291,30-90dayL
17537,on-time
5628,>90dayL
81391,on-time
20804,on-time
63860,30-90dayL
81515,30-90dayL
34725,7-30dayL
6304,30-90dayL
80198,>90dayL
17774,on-time
35719,on-time
48089,1-7dayL
80030,>90dayL
5403,>90dayL
22641,on-time
51991,1-7dayL
7208,7-30dayL
6791,>90dayL
8862,>90dayL
44519,7-30dayL
20192,on-time
81700,30-90dayL
1182,on-time
11244,on-time
47171,on-time
81576,>90dayL
48738,on-time
22025,>90dayL
29616,30-90dayL
86790,30-90dayL
82742,>90dayL
34589,7-30dayL
29986,on-time
87100,>90dayL
41948,on-time
6793,>90dayL
5448,7-30dayL
32774,>90dayL
51451,on-time
7574,30-90dayL
51782,>90dayL
45293,on-time
89750,on-time
79183,7-30dayL
18944,on-time
1069,on-time
84881,>90dayL
77265,>90dayL
12981,>90dayL
23184,7-30dayL
26166,on-time
49879,>90dayL
62960,>90dayL
89517,30-90dayL
23657,30-90dayL
43365,>90dayL
58884,>90dayL
48007,>90dayL
43277,30-90dayL
55328,>90dayL
33161,7-30dayL
15515,>90dayL
91639,>90dayL
84516,1-7dayL
16661,>90dayL
48031,>90dayL
28901,on-time
39304,on-time
35270,on-time
12999,on-time
51538,30-90dayL
52949,on-time
58151,>90dayL
41969,7-30dayL
6954,30-90dayL
31662,on-time
25190,on-time
32246,on-time
47174,on-time
6103,>90dayL
82542,>90dayL
82000,1-7dayL
19276,>90dayL
87002,on-time
19274,>90dayL
4196,30-90dayL
15973,>90dayL
12606,on-time
16771,on-time
54925,on-time
13810,>90dayL
77703,30-90dayL
24145,1-7dayL
39810,on-time
77701,>90dayL
77901,30-90dayL
30021,on-time
32963,7-30dayL
11409,on-time
40305,on-time
35113,>90dayL
56222,on-time
55340,>90dayL
8322,30-90dayL
17374,>90dayL
86282,30-90dayL
10985,on-time
58536,on-time
82901,on-time
12023,on-time
23889,on-time
92644,>90dayL
88620,>90dayL
8360,>90dayL
89556,30-90dayL
24629,>90dayL
63517,>90dayL
14939,on-time
25205,>90dayL
57255,>90dayL
1504,on-time
31958,>90dayL
60103,on-time
15071,>90dayL
49925,>90dayL
69388,>90dayL
55579,>90dayL
48126,on-time
52227,on-time
23556,>90dayL
88289,30-90dayL
24943,>90dayL
20330,on-time
89837,30-90dayL
41813,on-time
38289,>90dayL
82630,7-30dayL
53983,on-time
58889,on-time
25045,7-30dayL
48268,>90dayL
48124,on-time
32873,>90dayL
82303,>90dayL
22383,>90dayL
57222,>90dayL
22490,on-time
23828,on-time
78427,1-7dayL
35779,>90dayL
42748,>90dayL
82785,>90dayL
4993,30-90dayL
30216,on-time
19534,on-time
82732,on-time
57330,>90dayL
88159,>90dayL
40646,>90dayL
56547,on-time
34544,on-time
67417,>90dayL
21128,>90dayL
48363,on-time
42524,>90dayL
28024,30-90dayL
37356,>90dayL
12332,7-30dayL
79496,30-90dayL
82255,>90dayL
42871,>90dayL
14729,>90dayL
29185,on-time
958,on-time
11226,on-time
5140,30-90dayL
83144,1-7dayL
69758,>90dayL
28107,>90dayL
87499,on-time
6467,>90dayL
87860,30-90dayL
43649,on-time
44545,on-time
56699,7-30dayL
26893,on-time
11190,>90dayL
47101,30-90dayL
45933,>90dayL
49318,7-30dayL
9677,7-30dayL
13214,on-time
40737,30-90dayL
474,>90dayL
88094,>90dayL
30727,>90dayL
30112,on-time
26267,>90dayL
9652,>90dayL
18238,30-90dayL
28118,1-7dayL
24833,30-90dayL
5608,>90dayL
24022,on-time
36076,on-time
89982,>90dayL
30229,on-time
51614,on-time
58276,>90dayL
34346,>90dayL
59618,30-90dayL
80734,on-time
84567,>90dayL
35716,30-90dayL
91825,>90dayL
83188,on-time
59783,7-30dayL
80203,7-30dayL
57138,>90dayL
82490,7-30dayL
27850,>90dayL
17703,>90dayL
22769,on-time
18647,>90dayL
49597,on-time
2937,on-time
12329,7-30dayL
84812,>90dayL
38616,on-time
8626,30-90dayL
8681,>90dayL
2145,>90dayL
45358,on-time
24396,>90dayL
25025,on-time
41115,on-time
90720,>90dayL
31769,>90dayL
50373,7-30dayL
8997,>90dayL
12628,on-time
34760,>90dayL
54467,>90dayL
54312,>90dayL
43168,7-30dayL
33275,>90dayL
15052,>90dayL
21237,on-time
90487,>90dayL
50503,on-time
22173,>90dayL
14332,30-90dayL
20935,>90dayL
88140,30-90dayL
79454,>90dayL
81675,>90dayL
25165,on-time
47637,on-time
44848,on-time
43977,on-time
55036,>90dayL
44571,>90dayL
79262,30-90dayL
18363,>90dayL
22015,>90dayL
7287,30-90dayL
13366,on-time
6771,7-30dayL
59907,>90dayL
49860,>90dayL
78193,>90dayL
44308,on-time
27108,>90dayL
50496,30-90dayL
27335,>90dayL
28153,on-time
8687,>90dayL
9081,>90dayL
57274,>90dayL
3442,on-time
18866,on-time
55684,1-7dayL
17440,on-time
66573,>90dayL
57360,>90dayL
7068,30-90dayL
45421,on-time
8331,30-90dayL
2063,>90dayL
76823,>90dayL
37765,>90dayL
87974,>90dayL
14963,on-time
77821,>90dayL
89154,30-90dayL
81907,>90dayL
47116,on-time
25606,>90dayL
85101,30-90dayL
59690,1-7dayL
86634,30-90dayL
83994,on-time
89253,30-90dayL
28946,1-7dayL
56444,>90dayL
55528,>90dayL
53711,30-90dayL
986,on-time
9735,>90dayL
23506,>90dayL
8299,30-90dayL
24767,>90dayL
59980,>90dayL
52860,>90dayL
48150,on-time
84890,>90dayL
47035,>90dayL
44586,>90dayL
47314,>90dayL
18821,on-time
89104,30-90dayL
11868,>90dayL
28129,on-time
51742,>90dayL
37699,7-30dayL
81910,>90dayL
59305,7-30dayL
30709,>90dayL
22676,>90dayL
55950,>90dayL
27044,on-time
25499,7-30dayL
35366,on-time
35859,>90dayL
44902,on-time
81495,30-90dayL
58880,>90dayL
4983,30-90dayL
14089,>90dayL
2967,on-time
41414,on-time
50114,on-time
56634,on-time
41,30-90dayL
30935,on-time
11422,on-time
25497,on-time
56785,7-30dayL
46735,>90dayL
742,>90dayL
22247,>90dayL
6317,30-90dayL
60135,7-30dayL
88656,>90dayL
87203,1-7dayL
25543,on-time
19822,>90dayL
29971,1-7dayL
9360,on-time
77674,>90dayL
53468,30-90dayL
15273,>90dayL
81694,30-90dayL
81536,>90dayL
10446,>90dayL
85481,30-90dayL
2156,>90dayL
77656,>90dayL
23937,on-time
26730,30-90dayL
32001,7-30dayL
52443,on-time
87716,30-90dayL
15598,30-90dayL
25133,on-time
84714,7-30dayL
85946,>90dayL
54918,on-time
36059,on-time
10585,on-time
86702,>90dayL
90086,7-30dayL
83817,30-90dayL
2323,>90dayL
45561,30-90dayL
87527,30-90dayL
11944,on-time
19177,>90dayL
1052,on-time
11989,on-time
24592,>90dayL
39947,>90dayL
11292,on-time
21000,>90dayL
89805,30-90dayL
82953,>90dayL
38083,>90dayL
13934,on-time
55598,>90dayL
38925,on-time
38466,on-time
89408,>90dayL
9982,on-time
23987,>90dayL
90197,1-7dayL
43468,on-time
50184,>90dayL
36388,>90dayL
57441,on-time
12959,on-time
81582,on-time
88559,>90dayL
2688,on-time
56489,>90dayL
79674,>90dayL
50344,>90dayL
39841,30-90dayL
23925,on-time
9636,on-time
31158,on-time
38614,on-time
14274,7-30dayL
6353,>90dayL
49880,>90dayL
89228,30-90dayL
31653,on-time
71130,>90dayL
50887,>90dayL
39815,7-30dayL
7562,7-30dayL
89048,>90dayL
25111,on-time
77231,30-90dayL
18809,on-time
40632,>90dayL
31274,30-90dayL
29130,1-7dayL
40068,on-time
7695,1-7dayL
10646,on-time
23173,>90dayL
10579,on-time
24554,on-time
16559,>90dayL
30757,>90dayL
19846,>90dayL
71492,>90dayL
73503,>90dayL
46173,>90dayL
25975,30-90dayL
88788,>90dayL
16977,>90dayL
42480,>90dayL
63046,>90dayL
37283,30-90dayL
22327,>90dayL
7716,1-7dayL
64116,30-90dayL
22087,30-90dayL
44214,>90dayL
30241,on-time
85584,>90dayL
19677,>90dayL
45805,on-time
78148,>90dayL
71463,>90dayL
8408,>90dayL
57725,30-90dayL
4619,>90dayL
56335,>90dayL
40256,on-time
56299,>90dayL
58540,on-time
15745,>90dayL
45496,>90dayL
83666,on-time
22050,>90dayL
27548,on-time
73182,>90dayL
26696,>90dayL
38993,30-90dayL
5955,7-30dayL
79843,on-time
14354,>90dayL
78819,>90dayL
66075,>90dayL
39448,on-time
27968,on-time
84128,7-30dayL
90059,7-30dayL
67842,>90dayL
14336,>90dayL
2621,>90dayL
44280,>90dayL
35756,>90dayL
44376,on-time
24353,>90dayL
49571,on-time
52277,>90dayL
82200,7-30dayL
5676,7-30dayL
88429,on-time
49032,on-time
22816,on-time
43320,7-30dayL
41459,>90dayL
59749,30-90dayL
80584,30-90dayL
26298,>90dayL
88158,>90dayL
46778,1-7dayL
89909,>90dayL
85930,7-30dayL
43379,>90dayL
10786,>90dayL
91993,>90dayL
55541,>90dayL
87741,>90dayL
22779,on-time
72556,>90dayL
35809,>90dayL
18206,7-30dayL
27243,>90dayL
25526,on-time
47855,>90dayL
10035,on-time
5368,>90dayL
86564,on-time
40985,on-time
821,on-time
76826,>90dayL
15606,30-90dayL
2998,>90dayL
46649,>90dayL
11001,>90dayL
17323,>90dayL
88946,>90dayL
56412,>90dayL
21621,7-30dayL
77417,>90dayL
8160,on-time
45079,>90dayL
59404,on-time
54878,>90dayL
89224,30-90dayL
83451,>90dayL
77510,>90dayL
25155,on-time
55448,>90dayL
50144,>90dayL
57209,>90dayL
4793,>90dayL
3293,on-time
50568,>90dayL
9609,on-time
38367,on-time
90014,30-90dayL
9596,on-time
39345,on-time
75933,>90dayL
53957,on-time
31776,>90dayL
45780,>90dayL
42442,>90dayL
34487,on-time
7109,7-30dayL
15710,>90dayL
9865,7-30dayL
22742,on-time
22029,on-time
81510,>90dayL
80281,>90dayL
82173,7-30dayL
44447,>90dayL
15994,>90dayL
78362,7-30dayL
74079,on-time
24595,>90dayL
16854,7-30dayL
26732,30-90dayL
15351,>90dayL
84438,>90dayL
85504,30-90dayL
47935,>90dayL
54322,1-7dayL
73525,>90dayL
43975,on-time
20412,1-7dayL
81862,>90dayL
20766,>90dayL
22237,>90dayL
59403,on-time
52192,>90dayL
38200,30-90dayL
18607,30-90dayL
36179,on-time
62026,>90dayL
16236,on-time
82134,>90dayL
21938,30-90dayL
24971,on-time
9966,on-time
8885,on-time
80765,7-30dayL
20816,on-time
60388,>90dayL
38625,on-time
21424,on-time
5106,>90dayL
18366,30-90dayL
28167,on-time
90834,>90dayL
1297,>90dayL
59187,>90dayL
21214,7-30dayL
45991,>90dayL
11098,>90dayL
8466,>90dayL
5287,on-time
10498,>90dayL
54104,30-90dayL
31308,>90dayL
41826,on-time
89452,>90dayL
4850,on-time
73143,>90dayL
51537,30-90dayL
30294,>90dayL
29934,on-time
42337,on-time
10069,>90dayL
3930,>90dayL
32669,>90dayL
24672,30-90dayL
23395,>90dayL
40031,>90dayL
46316,7-30dayL
41871,on-time
80009,30-90dayL
38528,7-30dayL
47124,on-time
44334,7-30dayL
8878,>90dayL
29973,on-time
58179,>90dayL
78768,>90dayL
15492,>90dayL
69649,30-90dayL
18181,>90dayL
19802,30-90dayL
19232,7-30dayL
62552,30-90dayL
29598,>90dayL
82821,>90dayL
80642,30-90dayL
35742,on-time
47148,on-time
14259,7-30dayL
2746,on-time
55879,7-30dayL
49016,>90dayL
78771,>90dayL
53616,>90dayL
57129,>90dayL
77283,>90dayL
41141,7-30dayL
1855,on-time
57235,>90dayL
57304,>90dayL
16069,on-time
42726,>90dayL
2843,on-time
50041,on-time
83132,>90dayL
82187,7-30dayL
46059,>90dayL
73784,>90dayL
19085,on-time
82148,>90dayL
79433,>90dayL
48772,>90dayL
89772,30-90dayL
85472,>90dayL
58418,30-90dayL
48185,1-7dayL
84208,30-90dayL
13818,>90dayL
27267,30-90dayL
14772,7-30dayL
47278,>90dayL
44211,>90dayL
54001,7-30dayL
84379,30-90dayL
89455,>90dayL
43344,>90dayL
89711,>90dayL
85215,7-30dayL
32997,on-time
60590,>90dayL
37577,on-time
15265,>90dayL
7924,on-time
79522,7-30dayL
29148,on-time
70010,30-90dayL
46770,30-90dayL
44833,>90dayL
51511,>90dayL
11085,30-90dayL
17331,>90dayL
45521,30-90dayL
34523,on-time
53179,on-time
6715,7-30dayL
39011,30-90dayL
48580,>90dayL
56552,on-time
51530,on-time
49831,>90dayL
38596,7-30dayL
86481,30-90dayL
34151,>90dayL
8459,>90dayL
13346,7-30dayL
41398,>90dayL
28043,30-90dayL
8189,on-time
29194,on-time
44472,on-time
2834,on-time
16612,on-time
85588,>90dayL
50561,>90dayL
20715,7-30dayL
10318,on-time
5445,7-30dayL
58353,on-time
45174,>90dayL
14744,>90dayL
85688,>90dayL
24357,on-time
31170,1-7dayL
4296,>90dayL
53781,>90dayL
4151,30-90dayL
58272,>90dayL
43748,30-90dayL
39774,on-time
36086,on-time
74846,>90dayL
53472,>90dayL
72154,>90dayL
12745,on-time
81692,1-7dayL
24893,on-time
15766,>90dayL
80595,30-90dayL
52981,1-7dayL
88707,on-time
40845,>90dayL
59402,on-time
27005,7-30dayL
77770,30-90dayL
69389,>90dayL
17174,>90dayL
58683,30-90dayL
57869,>90dayL
1803,on-time
84557,on-time
87040,>90dayL
89707,30-90dayL
3412,on-time
37849,7-30dayL
11063,>90dayL
40292,7-30dayL
43708,30-90dayL
14934,on-time
8366,>90dayL
28870,30-90dayL
40267,on-time
8140,on-time
85685,30-90dayL
79424,>90dayL
14806,on-time
15116,on-time
39787,on-time
60064,>90dayL
49637,>90dayL
86343,on-time
54985,on-time
38970,30-90dayL
67610,>90dayL
2460,>90dayL
36331,>90dayL
32155,7-30dayL
87577,30-90dayL
24959,on-time
88793,7-30dayL
20296,on-time
48142,on-time
7634,1-7dayL
38062,>90dayL
78651,30-90dayL
55688,on-time
90723,30-90dayL
53810,>90dayL
64997,30-90dayL
34293,>90dayL
88993,30-90dayL
59184,>90dayL
93153,>90dayL
92643,>90dayL
88625,>90dayL
78392,>90dayL
3252,on-time
25667,30-90dayL
8518,>90dayL
89307,>90dayL
87335,>90dayL
82811,>90dayL
80559,30-90dayL
15967,30-90dayL
67843,30-90dayL
13133,>90dayL
80667,1-7dayL
27735,30-90dayL
19487,on-time
31333,>90dayL
34758,>90dayL
6436,>90dayL
65633,>90dayL
37148,>90dayL
49560,>90dayL
78586,>90dayL
73158,>90dayL
5100,>90dayL
22898,>90dayL
7133,7-30dayL
39454,7-30dayL
50182,>90dayL
12597,on-time
55665,on-time
6739,7-30dayL
9430,>90dayL
48287,>90dayL
55334,>90dayL
13000,on-time
68647,30-90dayL
8894,>90dayL
39563,1-7dayL
54481,>90dayL
29894,30-90dayL
46909,>90dayL
7881,on-time
43485,on-time
39380,on-time
77324,>90dayL
39806,on-time
85566,on-time
34630,7-30dayL
2399,>90dayL
28694,>90dayL
31045,30-90dayL
53621,>90dayL
35354,on-time
15705,>90dayL
46254,1-7dayL
63591,>90dayL
88777,>90dayL
83153,>90dayL
40633,on-time
50780,>90dayL
81059,>90dayL
11113,>90dayL
56136,1-7dayL
57137,>90dayL
74318,>90dayL
43556,on-time
5466,7-30dayL
9513,30-90dayL
18177,>90dayL
84802,>90dayL
35356,on-time
55417,>90dayL
35080,1-7dayL
77125,>90dayL
2631,>90dayL
55051,>90dayL
37606,on-time
7139,7-30dayL
19513,7-30dayL
10751,>90dayL
83733,>90dayL
33812,on-time
81994,>90dayL
50271,on-time
1578,on-time
15719,>90dayL
92438,>90dayL
13266,on-time
54899,7-30dayL
9299,on-time
78160,on-time
40002,>90dayL
83599,7-30dayL
2723,on-time
91890,>90dayL
76878,>90dayL
38638,7-30dayL
55596,>90dayL
31061,on-time
18709,7-30dayL
40413,1-7dayL
81673,on-time
15277,>90dayL
88623,>90dayL
12962,on-time
79611,30-90dayL
50349,>90dayL
21098,>90dayL
2421,>90dayL
66175,>90dayL
1254,on-time
16217,on-time
31747,30-90dayL
6445,>90dayL
21890,on-time
8861,>90dayL
31923,30-90dayL
76543,>90dayL
46651,>90dayL
17786,on-time
1372,on-time
90131,on-time
14666,30-90dayL
80079,30-90dayL
55079,30-90dayL
17411,7-30dayL
3406,on-time
15120,on-time
29749,30-90dayL
26766,>90dayL
22374,>90dayL
85474,>90dayL
69294,30-90dayL
14240,>90dayL
36112,on-time
8628,30-90dayL
78155,>90dayL
4235,on-time
53733,>90dayL
1588,on-time
122,>90dayL
58308,>90dayL
32958,7-30dayL
1989,>90dayL
15609,on-time
44198,>90dayL
21925,7-30dayL
66730,>90dayL
92186,>90dayL
89478,30-90dayL
92431,>90dayL
22217,>90dayL
32790,>90dayL
59780,30-90dayL
44606,on-time
56124,1-7dayL
5623,>90dayL
1512,on-time
83416,30-90dayL
11307,on-time
83846,>90dayL
7988,>90dayL
13846,>90dayL
4819,on-time
17529,on-time
2051,>90dayL
10439,30-90dayL
34117,30-90dayL
51760,>90dayL
55364,>90dayL
1985,on-time
47152,on-time
28017,30-90dayL
15354,>90dayL
79505,30-90dayL
18475,>90dayL
75416,>90dayL
25873,on-time
49424,>90dayL
83265,>90dayL
34436,on-time
36192,on-time
83741,30-90dayL
24040,on-time
50590,1-7dayL
11259,7-30dayL
26679,30-90dayL
78402,>90dayL
52631,>90dayL
16244,on-time
92001,>90dayL
43836,>90dayL
38204,>90dayL
89650,>90dayL
55192,>90dayL
1572,on-time
20739,30-90dayL
1041,on-time
57499,on-time
92954,>90dayL
85280,30-90dayL
82155,>90dayL
88919,7-30dayL
31774,>90dayL
49659,on-time
50988,on-time
19190,>90dayL
22143,>90dayL
81195,30-90dayL
21332,on-time
13855,on-time
77596,>90dayL
1059,on-time
43368,>90dayL
9296,on-time
88753,>90dayL
29889,30-90dayL
87691,30-90dayL
82248,>90dayL
31867,>90dayL
88651,30-90dayL
73527,>90dayL
14085,>90dayL
32262,on-time
50300,on-time
64060,>90dayL
25030,on-time
33964,on-time
60096,on-time
68408,>90dayL
51929,>90dayL
50918,>90dayL
9246,on-time
11939,on-time
25892,1-7dayL
32760,>90dayL
53204,on-time
78238,30-90dayL
73490,>90dayL
40806,>90dayL
38359,on-time
6342,>90dayL
86264,30-90dayL
27188,on-time
22047,>90dayL
4087,30-90dayL
11360,on-time
88112,1-7dayL
19862,>90dayL
37620,on-time
85339,>90dayL
12965,>90dayL
86429,30-90dayL
85569,on-time
70895,>90dayL
85702,7-30dayL
18966,>90dayL
84505,>90dayL
56996,1-7dayL
53821,>90dayL
21234,on-time
13337,on-time
87447,>90dayL
2320,>90dayL
74331,>90dayL
17465,on-time
54558,>90dayL
4766,>90dayL
13549,>90dayL
26132,on-time
3913,on-time
84198,>90dayL
88352,30-90dayL
32628,>90dayL
28662,>90dayL
78946,on-time
81223,on-time
23361,>90dayL
11814,>90dayL
48034,>90dayL
32191,>90dayL
82034,30-90dayL
83280,>90dayL
49554,>90dayL
1579,on-time
49955,>90dayL
43230,on-time
73281,>90dayL
73201,>90dayL
17467,on-time
53794,>90dayL
4342,>90dayL
55215,1-7dayL
56707,>90dayL
11102,>90dayL
940,on-time
12509,>90dayL
24859,30-90dayL
59361,on-time
22842,on-time
57967,1-7dayL
86230,30-90dayL
53095,>90dayL
55565,>90dayL
2762,on-time
83986,7-30dayL
84429,>90dayL
41921,on-time
22749,on-time
25561,>90dayL
7618,1-7dayL
48949,>90dayL
47235,1-7dayL
10292,on-time
26618,>90dayL
50213,>90dayL
42902,on-time
64995,>90dayL
80237,30-90dayL
2313,>90dayL
60219,on-time
21894,>90dayL
23477,>90dayL
10757,>90dayL
58521,on-time
55643,7-30dayL
660,on-time
41237,>90dayL
999,on-time
11658,>90dayL
57767,>90dayL
64106,>90dayL
45950,>90dayL
25032,on-time
53416,1-7dayL
38329,30-90dayL
82327,7-30dayL
51902,>90dayL
35083,on-time
77799,>90dayL
40252,on-time
52402,on-time
56685,7-30dayL
47005,>90dayL
20311,on-time
90253,1-7dayL
16209,on-time
44202,>90dayL
48893,>90dayL
77177,1-7dayL
54829,on-time
25069,on-time
85727,>90dayL
46249,on-time
57198,>90dayL
36770,>90dayL
81418,on-time
53836,on-time
15971,30-90dayL
78523,7-30dayL
19044,on-time
19964,on-time
79182,>90dayL
18511,>90dayL
48302,>90dayL
32337,>90dayL
6991,>90dayL
58611,7-30dayL
16157,on-time
2507,>90dayL
31595,1-7dayL
14642,>90dayL
15787,>90dayL
49857,>90dayL
27675,>90dayL
55720,1-7dayL
81897,>90dayL
54079,30-90dayL
53474,on-time
57673,on-time
17775,on-time
77748,1-7dayL
19171,>90dayL
21666,>90dayL
39067,>90dayL
58040,on-time
44517,7-30dayL
88266,>90dayL
49363,>90dayL
27917,on-time
17082,>90dayL
66782,30-90dayL
87568,1-7dayL
38074,>90dayL
42026,>90dayL
4992,30-90dayL
73016,30-90dayL
77308,>90dayL
9584,>90dayL
85249,30-90dayL
24099,on-time
1882,on-time
60249,on-time
80786,>90dayL
34479,on-time
27923,on-time
43946,>90dayL
40699,on-time
33624,>90dayL
77657,>90dayL
79938,on-time
48637,>90dayL
39762,on-time
81371,>90dayL
86241,30-90dayL
81557,30-90dayL
12577,7-30dayL
45268,on-time
4325,on-time
92290,>90dayL
14617,>90dayL
12617,on-time
86983,>90dayL
32418,>90dayL
75947,>90dayL
51299,>90dayL
6064,>90dayL
92381,>90dayL
37040,7-30dayL
27841,>90dayL
41979,on-time
86445,30-90dayL
11367,on-time
18579,>90dayL
21156,>90dayL
45815,>90dayL
7116,7-30dayL
47384,7-30dayL
80750,30-90dayL
21192,on-time
21039,>90dayL
27323,>90dayL
83961,7-30dayL
85735,30-90dayL
42750,on-time
24112,>90dayL
1903,on-time
81310,>90dayL
5271,on-time
74243,>90dayL
8787,7-30dayL
77969,7-30dayL
1188,on-time
5597,>90dayL
79030,>90dayL
56269,on-time
42211,>90dayL
54791,on-time
43226,7-30dayL
48299,>90dayL
49186,1-7dayL
18783,on-time
29638,on-time
6294,30-90dayL
39174,>90dayL
74967,>90dayL
15213,7-30dayL
26951,1-7dayL
31381,>90dayL
7147,7-30dayL
80097,>90dayL
49956,>90dayL
1571,on-time
19030,on-time
46117,>90dayL
78929,>90dayL
38523,7-30dayL
89160,>90dayL
48135,on-time
57624,on-time
51685,>90dayL
31310,>90dayL
27189,on-time
56644,>90dayL
92082,>90dayL
55714,on-time
38126,>90dayL
40814,>90dayL
92558,>90dayL
46386,>90dayL
28112,1-7dayL
8761,30-90dayL
36957,>90dayL
56105,>90dayL
84203,>90dayL
46902,>90dayL
18656,>90dayL
15673,30-90dayL
80707,7-30dayL
35532,7-30dayL
22339,30-90dayL
25634,>90dayL
48803,>90dayL
88398,>90dayL
85060,>90dayL
89156,>90dayL
82584,on-time
27601,on-time
16550,>90dayL
8114,on-time
83854,on-time
54582,>90dayL
47780,on-time
55263,on-time
50087,>90dayL
87640,>90dayL
55660,on-time
71809,>90dayL
81718,>90dayL
51664,>90dayL
24802,on-time
40094,7-30dayL
26291,>90dayL
2898,on-time
54187,30-90dayL
88235,>90dayL
7580,>90dayL
36832,on-time
79095,on-time
26438,>90dayL
20293,on-time
39033,30-90dayL
42802,on-time
24978,30-90dayL
88021,on-time
84708,7-30dayL
20064,on-time
65460,>90dayL
5247,on-time
84565,on-time
4130,30-90dayL
81548,on-time
43296,30-90dayL
53723,>90dayL
13699,>90dayL
60185,on-time
81475,>90dayL
50854,>90dayL
60282,on-time
4198,>90dayL
86533,30-90dayL
63661,>90dayL
2342,>90dayL
12051,on-time
51454,on-time
50630,on-time
42489,>90dayL
64057,>90dayL
15218,7-30dayL
89359,>90dayL
90045,30-90dayL
89894,30-90dayL
28847,>90dayL
7969,>90dayL
59322,>90dayL
20841,30-90dayL
85072,on-time
41144,7-30dayL
22693,>90dayL
79528,7-30dayL
3919,>90dayL
17658,on-time
85543,1-7dayL
22163,>90dayL
59903,>90dayL
56250,>90dayL
1654,on-time
47823,>90dayL
22529,on-time
82333,30-90dayL
6147,30-90dayL
78730,7-30dayL
84586,>90dayL
51982,on-time
38110,7-30dayL
51469,on-time
14428,>90dayL
10452,>90dayL
3895,>90dayL
87495,7-30dayL
58580,>90dayL
2556,>90dayL
89898,30-90dayL
7708,1-7dayL
46029,>90dayL
73791,>90dayL
19809,>90dayL
16530,1-7dayL
22219,>90dayL
51975,on-time
72860,>90dayL
57355,>90dayL
5188,on-time
5781,7-30dayL
28915,on-time
23793,1-7dayL
56713,on-time
21969,on-time
55856,on-time
6837,on-time
20801,on-time
48036,>90dayL
4701,1-7dayL
9927,on-time
33539,7-30dayL
5443,7-30dayL
86817,>90dayL
54820,on-time
48899,>90dayL
18943,on-time
39108,>90dayL
48778,>90dayL
76775,30-90dayL
36863,7-30dayL
40890,>90dayL
14271,7-30dayL
88949,>90dayL
5130,30-90dayL
16025,>90dayL
56509,7-30dayL
89724,>90dayL
82197,>90dayL
50102,1-7dayL
20445,>90dayL
78288,30-90dayL
34437,>90dayL
89127,7-30dayL
81750,>90dayL
27134,on-time
58342,7-30dayL
49824,>90dayL
51017,on-time
23709,on-time
38425,on-time
15097,on-time
44651,1-7dayL
44323,7-30dayL
83838,>90dayL
19154,>90dayL
55046,>90dayL
22828,on-time
25533,on-time
56056,30-90dayL
1528,on-time
20776,on-time
12994,>90dayL
40020,>90dayL
43208,7-30dayL
54132,>90dayL
78457,on-time
81733,>90dayL
56507,30-90dayL
50338,>90dayL
45878,on-time
52846,>90dayL
14686,>90dayL
40319,>90dayL
91983,>90dayL
31616,on-time
88486,>90dayL
92649,>90dayL
33824,7-30dayL
1075,7-30dayL
26949,on-time
79489,on-time
6682,7-30dayL
77462,on-time
40740,30-90dayL
35006,>90dayL
58043,on-time
82701,30-90dayL
73043,>90dayL
15959,on-time
14318,on-time
60145,on-time
6757,7-30dayL
59682,>90dayL
53827,7-30dayL
65642,30-90dayL
20093,on-time
31599,7-30dayL
83850,>90dayL
12369,>90dayL
46139,>90dayL
44810,on-time
21376,on-time
31287,>90dayL
42527,>90dayL
33213,30-90dayL
21141,>90dayL
6339,>90dayL
8332,30-90dayL
89870,>90dayL
87072,30-90dayL
79294,>90dayL
45356,on-time
42700,on-time
12691,on-time
28580,on-time
53203,on-time
86154,30-90dayL
49673,30-90dayL
44872,on-time
19045,on-time
29068,on-time
54777,on-time
76919,30-90dayL
80763,30-90dayL
51018,on-time
2204,>90dayL
88723,>90dayL
15507,>90dayL
46039,>90dayL
7102,7-30dayL
60383,>90dayL
20863,30-90dayL
54024,on-time
2386,>90dayL
55573,>90dayL
40840,>90dayL
12295,on-time
89693,on-time
44220,>90dayL
10341,>90dayL
31560,>90dayL
54066,7-30dayL
54655,>90dayL
8143,on-time
27991,30-90dayL
43404,>90dayL
87737,>90dayL
60125,on-time
85828,on-time
49632,>90dayL
85479,30-90dayL
49567,>90dayL
19455,7-30dayL
43490,on-time
29643,>90dayL
52201,on-time
80709,on-time
40085,on-time
65774,>90dayL
59718,1-7dayL
4189,>90dayL
25566,>90dayL
71505,>90dayL
17882,1-7dayL
9425,>90dayL
46046,>90dayL
2990,>90dayL
25099,1-7dayL
57708,>90dayL
45699,>90dayL
13969,on-time
88633,7-30dayL
89570,>90dayL
41094,on-time
36846,30-90dayL
47734,>90dayL
21580,on-time
20386,>90dayL
77727,30-90dayL
16133,on-time
4105,30-90dayL
8066,on-time
8243,on-time
73172,>90dayL
40657,on-time
58813,1-7dayL
24521,7-30dayL
37500,>90dayL
85757,30-90dayL
39494,on-time
28330,>90dayL
23002,>90dayL
23268,>90dayL
87796,7-30dayL
39843,30-90dayL
34237,>90dayL
85531,30-90dayL
50980,on-time
44382,on-time
48842,>90dayL
13194,30-90dayL
42265,>90dayL
15556,30-90dayL
7008,>90dayL
2492,>90dayL
51808,>90dayL
14241,>90dayL
44691,>90dayL
29262,30-90dayL
77817,>90dayL
26606,>90dayL
42778,on-time
59883,>90dayL
56223,on-time
59411,on-time
27122,1-7dayL
89914,>90dayL
47642,>90dayL
78991,>90dayL
51059,1-7dayL
772,on-time
23458,30-90dayL
14267,7-30dayL
33534,1-7dayL
47601,>90dayL
32844,>90dayL
80024,30-90dayL
80527,30-90dayL
18582,>90dayL
5486,30-90dayL
10989,>90dayL
81771,on-time
21507,>90dayL
80490,30-90dayL
14985,1-7dayL
23483,>90dayL
28893,on-time
20809,on-time
55874,7-30dayL
34712,7-30dayL
36045,on-time
36222,30-90dayL
46518,>90dayL
72158,>90dayL
39576,30-90dayL
35172,>90dayL
17339,>90dayL
51085,>90dayL
14651,>90dayL
35852,30-90dayL
20011,on-time
83542,>90dayL
51008,on-time
82545,30-90dayL
20239,>90dayL
78328,>90dayL
11195,>90dayL
47993,>90dayL
67274,>90dayL
56681,7-30dayL
38452,on-time
74506,>90dayL
50913,>90dayL
20126,on-time
23175,7-30dayL
40920,>90dayL
27088,>90dayL
60120,on-time
84725,>90dayL
15054,>90dayL
40247,on-time
12782,>90dayL
72142,>90dayL
33957,7-30dayL
52208,on-time
81948,>90dayL
3612,>90dayL
28561,30-90dayL
36589,>90dayL
89709,30-90dayL
78118,>90dayL
50237,7-30dayL
23412,>90dayL
10645,on-time
12828,>90dayL
89787,30-90dayL
41857,on-time
85444,30-90dayL
89245,1-7dayL
37526,7-30dayL
49014,>90dayL
58414,30-90dayL
75283,>90dayL
26996,on-time
21681,30-90dayL
84813,>90dayL
50553,>90dayL
11831,on-time
59123,>90dayL
53543,>90dayL
9323,7-30dayL
86433,30-90dayL
27916,on-time
18325,>90dayL
24881,on-time
79149,>90dayL
91504,>90dayL
40308,on-time
87230,>90dayL
88797,>90dayL
16630,30-90dayL
38857,on-time
19618,>90dayL
15044,>90dayL
30007,on-time
8437,>90dayL
51871,>90dayL
93008,>90dayL
18210,7-30dayL
18664,>90dayL
15258,>90dayL
1509,on-time
37761,on-time
52165,7-30dayL
60332,>90dayL
18902,on-time
67896,>90dayL
80112,>90dayL
24209,>90dayL
24156,>90dayL
42787,on-time
9944,on-time
87451,7-30dayL
83319,30-90dayL
42556,>90dayL
4090,30-90dayL
88324,30-90dayL
4922,on-time
61802,30-90dayL
23703,7-30dayL
89907,30-90dayL
19920,7-30dayL
82904,>90dayL
50491,>90dayL
1524,on-time
20717,7-30dayL
24153,>90dayL
58452,>90dayL
29961,7-30dayL
77279,>90dayL
79701,30-90dayL
58479,on-time
34311,>90dayL
51964,on-time
8450,>90dayL
18888,on-time
83317,30-90dayL
36777,>90dayL
92389,>90dayL
52049,>90dayL
34699,>90dayL
1054,on-time
45761,on-time
43488,on-time
9878,on-time
24818,on-time
4767,>90dayL
26100,1-7dayL
79443,7-30dayL
30900,30-90dayL
8939,on-time
89816,30-90dayL
41170,on-time
31070,on-time
37361,on-time
2825,on-time
90655,>90dayL
6605,7-30dayL
54708,>90dayL
31656,on-time
53802,>90dayL
22462,on-time
7865,on-time
7610,1-7dayL
18163,>90dayL
47622,>90dayL
35597,>90dayL
11571,30-90dayL
23809,on-time
52776,>90dayL
14379,>90dayL
9816,on-time
15728,>90dayL
89872,30-90dayL
27886,30-90dayL
35253,on-time
30958,1-7dayL
6267,30-90dayL
1479,on-time
76968,30-90dayL
54012,7-30dayL
28623,>90dayL
48399,on-time
19416,>90dayL
45707,>90dayL
86787,30-90dayL
18159,7-30dayL
58273,>90dayL
14069,7-30dayL
9820,on-time
41646,>90dayL
56472,>90dayL
10597,on-time
82824,on-time
89131,>90dayL
8395,>90dayL
48599,on-time
57616,on-time
99,>90dayL
53557,>90dayL
77832,>90dayL
33151,7-30dayL
25776,1-7dayL
17608,on-time
85494,30-90dayL
36435,30-90dayL
30960,1-7dayL
32087,7-30dayL
80072,30-90dayL
38505,>90dayL
84507,>90dayL
79807,>90dayL
8382,>90dayL
63034,>90dayL
5614,>90dayL
86604,1-7dayL
41907,>90dayL
47710,>90dayL
68646,30-90dayL
83831,on-time
32114,30-90dayL
16232,on-time
11262,7-30dayL
90155,>90dayL
7699,1-7dayL
6533,7-30dayL
51128,>90dayL
78485,>90dayL
59502,>90dayL
50517,>90dayL
82723,7-30dayL
15042,>90dayL
84127,7-30dayL
74980,>90dayL
53790,>90dayL
18330,>90dayL
44975,30-90dayL
17516,on-time
6817,on-time
53124,>90dayL
88011,>90dayL
6692,7-30dayL
44395,on-time
59218,on-time
36764,>90dayL
59942,>90dayL
18320,>90dayL
24478,1-7dayL
30701,>90dayL
15346,>90dayL
60139,on-time
12422,>90dayL
36602,>90dayL
1597,on-time
6196,30-90dayL
26911,on-time
37883,7-30dayL
89773,30-90dayL
42663,on-time
78490,on-time
79523,7-30dayL
91679,>90dayL
20564,30-90dayL
78841,>90dayL
15996,>90dayL
35362,on-time
87885,1-7dayL
57269,>90dayL
81402,>90dayL
79990,1-7dayL
26584,on-time
19653,>90dayL
59776,on-time
17711,>90dayL
19163,>90dayL
79390,7-30dayL
48784,>90dayL
20130,on-time
41685,>90dayL
40846,>90dayL
28999,30-90dayL
81029,30-90dayL
35279,on-time
18613,30-90dayL
3596,>90dayL
57228,>90dayL
4984,30-90dayL
88169,1-7dayL
47058,>90dayL
50075,1-7dayL
19948,on-time
47876,>90dayL
83973,7-30dayL
80351,30-90dayL
87523,30-90dayL
9880,on-time
81322,>90dayL
17750,on-time
20817,>90dayL
88726,>90dayL
41132,7-30dayL
2129,>90dayL
29757,30-90dayL
88107,30-90dayL
75390,>90dayL
23497,>90dayL
87319,>90dayL
19508,on-time
16513,7-30dayL
5391,>90dayL
84771,1-7dayL
39078,>90dayL
26563,on-time
62052,>90dayL
84893,30-90dayL
2231,>90dayL
13372,on-time
46348,>90dayL
59106,>90dayL
50207,>90dayL
83191,7-30dayL
5034,30-90dayL
47873,>90dayL
46642,>90dayL
44485,on-time
8554,30-90dayL
55640,on-time
83507,30-90dayL
11712,1-7dayL
78152,7-30dayL
53503,on-time
42834,7-30dayL
794,on-time
40614,on-time
79338,>90dayL
17479,on-time
59331,7-30dayL
41151,7-30dayL
2207,>90dayL
89140,>90dayL
14081,>90dayL
83174,30-90dayL
84701,on-time
53832,>90dayL
81591,7-30dayL
27087,>90dayL
2348,>90dayL
41440,on-time
81269,30-90dayL
34264,1-7dayL
19640,>90dayL
4161,30-90dayL
39336,>90dayL
17577,on-time
14829,on-time
5328,>90dayL
58923,>90dayL
37349,>90dayL
6891,on-time
41514,on-time
82103,>90dayL
25057,1-7dayL
7235,7-30dayL
68082,>90dayL
89177,>90dayL
79074,30-90dayL
85511,30-90dayL
4964,30-90dayL
7914,on-time
56802,>90dayL
81685,on-time
78877,30-90dayL
11673,>90dayL
55646,>90dayL
35042,on-time
48816,>90dayL
78673,>90dayL
2349,>90dayL
81669,30-90dayL
5811,>90dayL
89240,>90dayL
13998,on-time
49758,>90dayL
91776,>90dayL
20226,>90dayL
26243,>90dayL
3055,>90dayL
86763,30-90dayL
36554,on-time
25876,on-time
22107,>90dayL
55369,on-time
60072,>90dayL
36692,>90dayL
59185,>90dayL
78869,30-90dayL
44661,1-7dayL
19013,on-time
80883,30-90dayL
25831,30-90dayL
77698,>90dayL
88542,>90dayL
52255,>90dayL
2225,>90dayL
33101,>90dayL
57566,on-time
21998,on-time
9694,>90dayL
82499,>90dayL
87719,>90dayL
29116,on-time
4723,1-7dayL
10639,on-time
10486,>90dayL
53992,on-time
18685,7-30dayL
85920,>90dayL
22887,1-7dayL
35873,>90dayL
71568,>90dayL
12384,30-90dayL
77101,7-30dayL
83721,on-time
50799,>90dayL
12686,on-time
48258,>90dayL
6488,7-30dayL
28660,>90dayL
13431,>90dayL
71506,>90dayL
16230,on-time
26329,>90dayL
31950,on-time
88124,>90dayL
32096,30-90dayL
71796,>90dayL
10107,>90dayL
48890,>90dayL
28198,on-time
67034,>90dayL
86557,>90dayL
32152,7-30dayL
29956,7-30dayL
54309,>90dayL
43531,on-time
51844,>90dayL
8239,on-time
11873,30-90dayL
11076,>90dayL
32698,>90dayL
39949,>90dayL
87062,>90dayL
78765,>90dayL
83778,on-time
77329,>90dayL
14375,>90dayL
87880,on-time
10546,7-30dayL
24945,>90dayL
1068,on-time
77696,>90dayL
5113,>90dayL
87180,>90dayL
43838,>90dayL
56691,7-30dayL
22685,>90dayL
10677,7-30dayL
89052,>90dayL
4617,>90dayL
89398,7-30dayL
10572,on-time
5999,>90dayL
38222,1-7dayL
1807,on-time
27660,>90dayL
55676,on-time
84042,>90dayL
54929,1-7dayL
14083,>90dayL
77760,7-30dayL
59281,30-90dayL
7887,on-time
49891,>90dayL
57463,on-time
47037,>90dayL
40457,>90dayL
73121,>90dayL
26335,>90dayL
11965,on-time
2786,on-time
58997,>90dayL
88270,>90dayL
46288,1-7dayL
32631,on-time
87706,>90dayL
37821,>90dayL
12968,>90dayL
25260,30-90dayL
73135,>90dayL
17743,on-time
32845,>90dayL
10352,on-time
26663,>90dayL
87713,>90dayL
49682,>90dayL
88834,>90dayL
24279,>90dayL
82675,>90dayL
89334,30-90dayL
53748,>90dayL
86680,7-30dayL
22300,>90dayL
71814,>90dayL
30897,30-90dayL
83189,on-time
1055,on-time
16665,>90dayL
79652,30-90dayL
17452,on-time
21140,>90dayL
5715,7-30dayL
55888,>90dayL
79648,>90dayL
49334,>90dayL
8252,on-time
14500,>90dayL
55399,>90dayL
5766,7-30dayL
71160,>90dayL
36526,1-7dayL
87800,>90dayL
9436,>90dayL
76327,>90dayL
18214,30-90dayL
1890,on-time
68415,>90dayL
13198,30-90dayL
54770,on-time
19132,1-7dayL
2627,>90dayL
78632,>90dayL
33261,>90dayL
76128,30-90dayL
10745,>90dayL
37698,on-time
31260,>90dayL
88357,30-90dayL
53473,>90dayL
26341,>90dayL
25502,30-90dayL
17009,30-90dayL
54357,on-time
43406,>90dayL
23080,>90dayL
72167,>90dayL
49549,>90dayL
84987,30-90dayL
763,>90dayL
81379,>90dayL
45245,on-time
82704,30-90dayL
83646,on-time
26956,on-time
87616,>90dayL
77444,>90dayL
89210,30-90dayL
57997,30-90dayL
12635,on-time
29608,on-time
32658,on-time
6101,>90dayL
58210,>90dayL
86208,>90dayL
23252,on-time
13533,30-90dayL
27741,30-90dayL
27120,on-time
42303,>90dayL
87932,7-30dayL
52554,on-time
86250,on-time
82848,>90dayL
42777,on-time
25858,on-time
92655,>90dayL
35782,on-time
3556,>90dayL
29252,>90dayL
1319,on-time
92026,>90dayL
41937,on-time
84675,>90dayL
41214,on-time
43573,on-time
52143,>90dayL
82105,>90dayL
43692,on-time
16981,>90dayL
24087,on-time
14914,on-time
56253,>90dayL
30109,1-7dayL
87341,1-7dayL
74764,>90dayL
14753,on-time
22366,>90dayL
15096,on-time
1757,on-time
77373,30-90dayL
38113,on-time
58393,on-time
7466,>90dayL
13241,7-30dayL
22690,>90dayL
28562,30-90dayL
17109,>90dayL
8339,30-90dayL
58359,on-time
23816,on-time
86271,30-90dayL
82440,30-90dayL
42447,>90dayL
40209,on-time
20744,30-90dayL
16398,on-time
81028,30-90dayL
43136,>90dayL
39864,>90dayL
42662,on-time
19764,>90dayL
42406,30-90dayL
49746,>90dayL
89766,30-90dayL
4886,>90dayL
81265,>90dayL
86061,on-time
26179,on-time
51556,>90dayL
87855,>90dayL
74467,>90dayL
47860,>90dayL
29937,on-time
89496,30-90dayL
33627,>90dayL
25769,>90dayL
16007,>90dayL
3604,>90dayL
15550,7-30dayL
23237,>90dayL
7283,30-90dayL
47925,>90dayL
47437,on-time
40736,30-90dayL
80356,>90dayL
84898,7-30dayL
13826,>90dayL
7455,>90dayL
46693,on-time
53678,>90dayL
21190,on-time
76235,>90dayL
21540,on-time
1551,on-time
58582,>90dayL
28320,>90dayL
18175,>90dayL
74641,>90dayL
82746,>90dayL
26089,7-30dayL
12639,on-time
87006,7-30dayL
24614,>90dayL
49633,>90dayL
84181,7-30dayL
36297,7-30dayL
55955,>90dayL
24638,on-time
43470,on-time
47973,>90dayL
62138,>90dayL
4447,>90dayL
79911,30-90dayL
27894,30-90dayL
47700,on-time
11031,on-time
17758,on-time
33137,>90dayL
8242,on-time
34294,>90dayL
2905,on-time
32983,on-time
26843,7-30dayL
81075,30-90dayL
33448,>90dayL
49822,>90dayL
90762,>90dayL
30226,on-time
40885,>90dayL
57607,on-time
42598,>90dayL
48980,>90dayL
84682,on-time
48658,>90dayL
34981,7-30dayL
74671,>90dayL
17289,30-90dayL
56235,>90dayL
16051,7-30dayL
19528,on-time
18105,>90dayL
63050,>90dayL
4835,on-time
34931,1-7dayL
27816,>90dayL
13190,>90dayL
35403,>90dayL
80053,>90dayL
19439,7-30dayL
44055,on-time
81605,>90dayL
81938,7-30dayL
84613,on-time
758,>90dayL
38520,on-time
22512,1-7dayL
19017,on-time
53866,on-time
31087,7-30dayL
41015,on-time
56640,7-30dayL
24552,>90dayL
8662,>90dayL
3487,on-time
59141,>90dayL
33029,on-time
57321,>90dayL
16288,on-time
19081,on-time
27695,>90dayL
17377,>90dayL
39325,on-time
47603,>90dayL
8388,>90dayL
22706,>90dayL
41079,on-time
16924,7-30dayL
55456,>90dayL
68752,>90dayL
81062,>90dayL
21231,on-time
2060,>90dayL
9115,>90dayL
41438,on-time
41836,on-time
30121,>90dayL
45729,>90dayL
9384,7-30dayL
8110,on-time
54960,7-30dayL
7646,1-7dayL
84589,>90dayL
88171,>90dayL
39012,30-90dayL
92695,>90dayL
5682,7-30dayL
59211,on-time
7662,1-7dayL
1951,on-time
82612,on-time
7893,on-time
27986,>90dayL
12571,7-30dayL
18118,>90dayL
14180,30-90dayL
77289,>90dayL
25635,>90dayL
86692,>90dayL
86005,30-90dayL
8346,30-90dayL
54753,7-30dayL
54381,30-90dayL
74426,>90dayL
32857,>90dayL
16452,on-time
81490,30-90dayL
15000,on-time
21014,>90dayL
55671,on-time
77326,>90dayL
54821,on-time
86218,30-90dayL
31375,>90dayL
25909,on-time
46116,>90dayL
53730,>90dayL
87772,30-90dayL
26738,30-90dayL
51649,>90dayL
21967,on-time
15287,>90dayL
16638,7-30dayL
58529,on-time
41228,>90dayL
6252,30-90dayL
54491,>90dayL
27145,1-7dayL
78931,7-30dayL
80194,>90dayL
51886,30-90dayL
89717,>90dayL
34172,30-90dayL
30689,>90dayL
13646,>90dayL
24470,1-7dayL
79035,>90dayL
54249,30-90dayL
24138,7-30dayL
21918,7-30dayL
49329,>90dayL
25595,>90dayL
2548,>90dayL
17408,7-30dayL
87022,>90dayL
71700,>90dayL
26643,>90dayL
1232,30-90dayL
11947,on-time
23381,>90dayL
59108,>90dayL
53958,on-time
40983,on-time
15299,7-30dayL
46102,>90dayL
40301,7-30dayL
39222,on-time
32944,on-time
18605,30-90dayL
19709,>90dayL
74842,>90dayL
77046,on-time
47313,>90dayL
44044,on-time
23325,>90dayL
31928,>90dayL
87293,7-30dayL
76832,>90dayL
669,on-time
83915,>90dayL
76844,on-time
91882,>90dayL
47226,1-7dayL
92176,>90dayL
25237,30-90dayL
49333,>90dayL
50473,>90dayL
45584,>90dayL
70927,>90dayL
48755,>90dayL
81465,30-90dayL
55628,>90dayL
20287,on-time
86213,30-90dayL
1978,on-time
58097,>90dayL
25699,>90dayL
12030,7-30dayL
46716,on-time
87177,7-30dayL
16862,7-30dayL
86967,>90dayL
35329,on-time
25896,on-time
54477,>90dayL
25536,on-time
2239,>90dayL
87767,on-time
25169,on-time
87802,>90dayL
23321,>90dayL
45545,1-7dayL
9172,on-time
53923,30-90dayL
89271,30-90dayL
43248,>90dayL
31612,7-30dayL
59832,>90dayL
1585,on-time
79607,on-time
89329,30-90dayL
2573,>90dayL
17346,>90dayL
47112,on-time
30552,>90dayL
88862,>90dayL
52729,>90dayL
53873,on-time
39218,on-time
44675,>90dayL
18560,>90dayL
83055,>90dayL
27534,>90dayL
82570,7-30dayL
82708,on-time
62963,>90dayL
55440,>90dayL
23265,30-90dayL
11732,7-30dayL
17579,on-time
18625,>90dayL
71781,>90dayL
15174,on-time
56991,on-time
19126,7-30dayL
47211,>90dayL
77641,>90dayL
47764,on-time
89749,on-time
21385,on-time
56100,>90dayL
53198,on-time
57660,on-time
76876,>90dayL
37279,1-7dayL
36664,1-7dayL
26725,30-90dayL
5586,>90dayL
39266,on-time
85117,7-30dayL
81347,30-90dayL
17038,>90dayL
9158,on-time
74148,>90dayL
88135,>90dayL
55217,1-7dayL
54955,7-30dayL
8831,>90dayL
16672,30-90dayL
60054,>90dayL
3264,on-time
21718,30-90dayL
11596,>90dayL
8692,>90dayL
81786,>90dayL
34035,>90dayL
51958,on-time
49000,>90dayL
85591,>90dayL
89788,30-90dayL
1009,on-time
28255,30-90dayL
12374,>90dayL
89998,30-90dayL
27550,7-30dayL
38921,on-time
89590,on-time
29220,on-time
43710,30-90dayL
54314,>90dayL
37688,on-time
37607,on-time
54415,on-time
50681,>90dayL
32260,on-time
54428,on-time
85019,30-90dayL
51044,1-7dayL
44052,on-time
20179,on-time
48631,on-time
81184,on-time
12357,on-time
82825,>90dayL
11855,>90dayL
23716,on-time
11485,>90dayL
14171,30-90dayL
53765,>90dayL
802,on-time
52432,>90dayL
59504,>90dayL
1647,on-time
18657,>90dayL
49051,1-7dayL
67239,>90dayL
40322,>90dayL
20208,on-time
88953,>90dayL
23949,on-time
86015,30-90dayL
80699,>90dayL
54456,>90dayL
51453,on-time
3623,>90dayL
6572,7-30dayL
90125,30-90dayL
78718,>90dayL
52115,>90dayL
4853,on-time
86519,>90dayL
89392,>90dayL
83632,on-time
45986,>90dayL
45713,>90dayL
9697,>90dayL
37392,>90dayL
40184,on-time
50718,>90dayL
34234,on-time
22387,>90dayL
51295,>90dayL
7536,7-30dayL
1763,on-time
15183,on-time
32589,30-90dayL
34574,on-time
1072,on-time
83109,>90dayL
76036,>90dayL
38084,on-time
15536,7-30dayL
41504,7-30dayL
42666,on-time
25966,30-90dayL
59252,on-time
4795,>90dayL
85361,30-90dayL
56721,on-time
50539,on-time
48779,>90dayL
77027,30-90dayL
28716,30-90dayL
10216,30-90dayL
52927,on-time
11213,30-90dayL
46668,>90dayL
83815,>90dayL
35971,>90dayL
18958,>90dayL
21459,on-time
87470,>90dayL
37861,7-30dayL
85613,30-90dayL
13084,7-30dayL
77328,>90dayL
33427,on-time
14988,1-7dayL
23430,>90dayL
42952,1-7dayL
9380,7-30dayL
88076,7-30dayL
33852,7-30dayL
7459,>90dayL
4305,on-time
71475,>90dayL
25947,on-time
19598,>90dayL
6030,30-90dayL
41013,on-time
64387,>90dayL
63052,7-30dayL
53823,>90dayL
56189,on-time
45203,on-time
29905,30-90dayL
43140,on-time
44045,on-time
14023,on-time
23776,on-time
84783,>90dayL
5152,30-90dayL
6073,>90dayL
48769,>90dayL
50890,>90dayL
36754,>90dayL
6519,7-30dayL
38943,on-time
10373,30-90dayL
27769,>90dayL
16402,on-time
45672,>90dayL
83726,>90dayL
46904,>90dayL
64318,30-90dayL
23962,>90dayL
83730,>90dayL
37595,on-time
9614,>90dayL
81584,on-time
33785,on-time
57133,>90dayL
60171,30-90dayL
14733,>90dayL
5943,7-30dayL
17698,>90dayL
87037,>90dayL
81341,30-90dayL
11284,on-time
58987,>90dayL
8182,on-time
11742,>90dayL
44698,>90dayL
9812,on-time
35807,on-time
31585,1-7dayL
6482,>90dayL
26619,>90dayL
3517,on-time
21271,on-time
18676,on-time
49811,>90dayL
58810,1-7dayL
40715,30-90dayL
49020,>90dayL
28358,30-90dayL
9280,on-time
54486,7-30dayL
44663,1-7dayL
29179,on-time
36212,7-30dayL
40189,on-time
25291,>90dayL
12797,>90dayL
45361,on-time
46475,on-time
45168,>90dayL
17900,>90dayL
68169,7-30dayL
34337,>90dayL
49305,7-30dayL
5131,30-90dayL
87379,30-90dayL
53140,>90dayL
54007,7-30dayL
90017,>90dayL
26224,>90dayL
59300,7-30dayL
78833,30-90dayL
89778,30-90dayL
34448,>90dayL
11902,on-time
44966,30-90dayL
33833,on-time
2119,>90dayL
36325,30-90dayL
43219,on-time
81744,30-90dayL
39732,on-time
36189,on-time
84343,7-30dayL
25108,on-time
88493,30-90dayL
82466,on-time
19972,on-time
81820,>90dayL
10358,>90dayL
36789,>90dayL
15352,>90dayL
8300,30-90dayL
30650,>90dayL
20213,on-time
45389,on-time
50714,>90dayL
45180,>90dayL
906,on-time
14577,>90dayL
19429,>90dayL
58171,>90dayL
10681,7-30dayL
89595,30-90dayL
80751,30-90dayL
90832,>90dayL
55050,>90dayL
48176,1-7dayL
81599,>90dayL
11000,on-time
92652,>90dayL
10959,>90dayL
1616,on-time
24456,>90dayL
77955,>90dayL
52842,>90dayL
81099,on-time
34716,7-30dayL
5724,7-30dayL
2094,>90dayL
1416,on-time
5063,on-time
3244,on-time
4845,on-time
86752,30-90dayL
86708,on-time
8438,>90dayL
42924,7-30dayL
20329,on-time
45238,7-30dayL
5771,7-30dayL
7209,7-30dayL
8556,30-90dayL
77728,>90dayL
90713,>90dayL
88106,>90dayL
22822,on-time
53027,1-7dayL
76957,30-90dayL
17430,on-time
87018,30-90dayL
2474,>90dayL
42763,on-time
54730,>90dayL
41625,>90dayL
86224,30-90dayL
50522,on-time
35714,30-90dayL
2287,>90dayL
17662,on-time
59845,>90dayL
7661,1-7dayL
5340,>90dayL
53755,>90dayL
68308,>90dayL
37843,7-30dayL
90246,>90dayL
44207,>90dayL
66571,>90dayL
30277,>90dayL
87723,30-90dayL
23698,7-30dayL
23256,30-90dayL
88291,30-90dayL
27622,>90dayL
14563,>90dayL
38587,7-30dayL
24085,on-time
1948,on-time
33960,on-time
26360,7-30dayL
3871,7-30dayL
20731,>90dayL
32399,>90dayL
79111,>90dayL
57543,7-30dayL
87090,>90dayL
26675,>90dayL
16488,on-time
32325,>90dayL
78424,30-90dayL
60132,7-30dayL
44372,on-time
16916,7-30dayL
33678,on-time
827,on-time
3492,on-time
47237,1-7dayL
11856,>90dayL
5602,>90dayL
59926,>90dayL
105,>90dayL
86792,30-90dayL
23415,>90dayL
86455,>90dayL
79944,>90dayL
87427,30-90dayL
41791,on-time
18564,30-90dayL
50828,>90dayL
15941,>90dayL
80481,>90dayL
8293,30-90dayL
37643,30-90dayL
58345,>90dayL
23223,on-time
37754,7-30dayL
79219,1-7dayL
50982,on-time
49559,on-time
77807,>90dayL
26741,on-time
37317,7-30dayL
53490,on-time
41565,30-90dayL
14015,on-time
30657,>90dayL
86040,7-30dayL
93192,>90dayL
18854,on-time
57466,on-time
6095,>90dayL
16864,7-30dayL
80279,>90dayL
66929,>90dayL
53830,>90dayL
79230,on-time
89833,30-90dayL
77311,>90dayL
39647,>90dayL
44525,7-30dayL
20985,30-90dayL
25563,7-30dayL
7481,>90dayL
56132,1-7dayL
17540,on-time
54437,on-time
6355,>90dayL
35870,30-90dayL
43845,7-30dayL
25231,30-90dayL
26147,on-time
13256,on-time
5569,>90dayL
17731,on-time
8054,on-time
21482,>90dayL
76431,>90dayL
54887,on-time
42283,on-time
60381,>90dayL
55401,>90dayL
2666,on-time
92236,>90dayL
9591,7-30dayL
18441,>90dayL
23217,on-time
55202,>90dayL
41082,>90dayL
47626,>90dayL
59158,>90dayL
38088,>90dayL
55655,>90dayL
10880,30-90dayL
35976,>90dayL
32220,on-time
39842,30-90dayL
48624,>90dayL
40669,on-time
35179,>90dayL
20275,>90dayL
1166,on-time
27365,>90dayL
72406,>90dayL
21288,on-time
1945,on-time
86590,on-time
50067,on-time
15655,>90dayL
60278,on-time
20709,7-30dayL
73051,>90dayL
6988,>90dayL
81381,>90dayL
13853,>90dayL
2578,>90dayL
6732,7-30dayL
17090,>90dayL
49794,>90dayL
87762,>90dayL
90783,>90dayL
58990,>90dayL
53580,>90dayL
54490,>90dayL
81953,>90dayL
16441,on-time
57627,7-30dayL
80401,30-90dayL
13880,7-30dayL
79960,>90dayL
54658,>90dayL
82805,>90dayL
22944,7-30dayL
69285,30-90dayL
69960,>90dayL
19880,>90dayL
40146,on-time
83682,30-90dayL
35310,30-90dayL
84535,on-time
44328,on-time
23348,>90dayL
87768,on-time
48873,7-30dayL
58291,>90dayL
57569,7-30dayL
79553,>90dayL
36600,>90dayL
2558,>90dayL
87917,30-90dayL
82287,on-time
82838,7-30dayL
11296,on-time
57009,1-7dayL
29039,30-90dayL
38949,on-time
89086,30-90dayL
80355,>90dayL
80675,on-time
37377,on-time
52940,on-time
49426,>90dayL
6083,>90dayL
38602,7-30dayL
68643,30-90dayL
10576,on-time
52419,on-time
57197,>90dayL
33053,on-time
58249,>90dayL
12502,>90dayL
50130,>90dayL
11144,>90dayL
18396,>90dayL
15590,on-time
15911,30-90dayL
51345,30-90dayL
90232,>90dayL
71797,>90dayL
85108,>90dayL
41660,>90dayL
28519,1-7dayL
10775,>90dayL
30546,>90dayL
10666,on-time
89100,30-90dayL
23488,>90dayL
23688,7-30dayL
13725,>90dayL
45756,on-time
29855,7-30dayL
46294,>90dayL
45974,>90dayL
58140,>90dayL
8276,on-time
84816,on-time
24846,30-90dayL
35388,on-time
26296,>90dayL
80155,30-90dayL
37339,on-time
9369,on-time
43755,>90dayL
63861,>90dayL
36188,on-time
91475,>90dayL
22927,>90dayL
44878,on-time
39520,>90dayL
63788,>90dayL
8469,>90dayL
3422,on-time
40953,on-time
7659,1-7dayL
18908,1-7dayL
2059,>90dayL
25961,30-90dayL
78443,30-90dayL
23642,>90dayL
42590,>90dayL
83660,>90dayL
14976,on-time
88923,7-30dayL
41851,on-time
50937,on-time
49949,>90dayL
86761,30-90dayL
33451,on-time
24947,>90dayL
41024,on-time
21348,on-time
46105,>90dayL
15542,7-30dayL
36882,on-time
85187,7-30dayL
6516,7-30dayL
8667,>90dayL
46722,on-time
88979,>90dayL
9881,on-time
26979,on-time
9165,on-time
6611,7-30dayL
19042,on-time
2674,on-time
87118,on-time
80966,on-time
10475,>90dayL
51872,>90dayL
30274,>90dayL
51303,>90dayL
7537,7-30dayL
12692,on-time
50206,>90dayL
13548,>90dayL
87378,30-90dayL
16880,30-90dayL
28981,on-time
81968,on-time
76798,>90dayL
43625,on-time
50357,30-90dayL
21564,on-time
19071,on-time
1501,on-time
47465,30-90dayL
47730,>90dayL
23200,7-30dayL
25899,on-time
43512,on-time
49013,>90dayL
21513,on-time
11280,on-time
6323,>90dayL
3570,>90dayL
84089,>90dayL
59697,1-7dayL
2757,on-time
28303,>90dayL
92004,>90dayL
30919,on-time
86051,on-time
80064,on-time
45547,1-7dayL
89220,>90dayL
79610,on-time
8764,7-30dayL
12495,>90dayL
28224,>90dayL
26217,>90dayL
19437,7-30dayL
11189,>90dayL
25662,30-90dayL
77250,>90dayL
6885,on-time
85366,30-90dayL
58331,>90dayL
92375,>90dayL
85630,30-90dayL
27131,>90dayL
32129,on-time
42950,1-7dayL
51562,>90dayL
88529,7-30dayL
1126,7-30dayL
4787,>90dayL
9035,>90dayL
84739,>90dayL
2224,>90dayL
79725,>90dayL
9327,7-30dayL
47320,>90dayL
55276,>90dayL
38215,30-90dayL
88424,>90dayL
31896,>90dayL
16944,>90dayL
81061,>90dayL
60077,>90dayL
57589,>90dayL
42482,>90dayL
42278,on-time
50002,on-time
52879,on-time
22116,>90dayL
37669,on-time
92162,>90dayL
20229,>90dayL
80807,30-90dayL
22345,30-90dayL
41903,1-7dayL
20426,1-7dayL
23494,>90dayL
37592,on-time
32612,7-30dayL
39288,on-time
40354,on-time
51485,on-time
80554,>90dayL
72171,>90dayL
24270,30-90dayL
9373,on-time
1930,on-time
50804,>90dayL
26623,>90dayL
88956,30-90dayL
48795,>90dayL
11378,7-30dayL
40289,7-30dayL
33844,7-30dayL
3184,>90dayL
23852,on-time
3454,on-time
84421,on-time
55400,>90dayL
14055,7-30dayL
39221,on-time
23201,7-30dayL
23574,>90dayL
44174,>90dayL
36431,30-90dayL
12129,>90dayL
35477,>90dayL
51232,on-time
55855,on-time
90457,>90dayL
22132,>90dayL
4165,30-90dayL
89992,30-90dayL
58744,30-90dayL
62557,30-90dayL
57225,>90dayL
72528,>90dayL
42960,1-7dayL
63773,>90dayL
55933,7-30dayL
23042,>90dayL
1770,on-time
21709,>90dayL
89187,30-90dayL
45320,>90dayL
77193,>90dayL
21001,>90dayL
7663,1-7dayL
86077,>90dayL
23945,on-time
84139,7-30dayL
5293,on-time
44503,on-time
39431,7-30dayL
50821,>90dayL
80080,30-90dayL
46860,>90dayL
71495,>90dayL
1826,on-time
38840,on-time
84668,>90dayL
84204,30-90dayL
89936,30-90dayL
30891,30-90dayL
10533,on-time
39232,on-time
29832,>90dayL
50689,>90dayL
82938,7-30dayL
36317,7-30dayL
86798,>90dayL
39894,>90dayL
86166,>90dayL
59289,7-30dayL
83165,30-90dayL
6876,on-time
24058,on-time
56661,on-time
52111,>90dayL
82091,>90dayL
88108,30-90dayL
73207,>90dayL
92430,>90dayL
9010,30-90dayL
56590,1-7dayL
80945,1-7dayL
40823,>90dayL
44592,>90dayL
73965,>90dayL
58136,>90dayL
31359,>90dayL
31067,on-time
37731,on-time
33004,on-time
81057,7-30dayL
18365,>90dayL
35683,30-90dayL
88294,30-90dayL
81281,30-90dayL
89547,>90dayL
77387,1-7dayL
51632,>90dayL
5804,>90dayL
15593,>90dayL
9144,30-90dayL
25926,30-90dayL
11870,>90dayL
48656,>90dayL
42896,>90dayL
89962,30-90dayL
14012,on-time
44205,>90dayL
58195,>90dayL
37610,30-90dayL
26957,on-time
28359,30-90dayL
52643,>90dayL
56974,>90dayL
6270,30-90dayL
1581,on-time
81577,>90dayL
15133,on-time
20924,>90dayL
6485,>90dayL
18510,>90dayL
1904,on-time
25660,30-90dayL
43690,7-30dayL
31673,7-30dayL
48627,on-time
51086,>90dayL
30257,on-time
38107,on-time
81696,30-90dayL
8333,30-90dayL
46404,7-30dayL
39187,>90dayL
91837,>90dayL
89546,>90dayL
48187,1-7dayL
85177,30-90dayL
7168,7-30dayL
7543,7-30dayL
27466,>90dayL
16145,1-7dayL
55869,on-time
20117,on-time
90277,>90dayL
80379,7-30dayL
71140,>90dayL
34908,>90dayL
32641,on-time
24268,30-90dayL
79598,on-time
11006,on-time
57677,on-time
52409,on-time
54927,on-time
19899,on-time
4726,1-7dayL
14098,>90dayL
40075,on-time
88732,>90dayL
20454,>90dayL
52646,>90dayL
37338,on-time
1393,on-time
53714,>90dayL
56835,30-90dayL
14350,>90dayL
15111,on-time
29357,>90dayL
31919,>90dayL
77009,7-30dayL
55516,>90dayL
24789,>90dayL
957,on-time
44896,7-30dayL
50881,>90dayL
43961,on-time
9829,on-time
13980,on-time
8270,on-time
87213,>90dayL
2448,>90dayL
52505,>90dayL
40993,on-time
3925,>90dayL
77153,on-time
4630,>90dayL
32012,on-time
2336,>90dayL
83604,>90dayL
46302,>90dayL
26985,30-90dayL
24352,>90dayL
39475,30-90dayL
87091,>90dayL
28802,>90dayL
36024,on-time
92456,>90dayL
51081,>90dayL
20469,30-90dayL
82755,>90dayL
87934,>90dayL
26826,>90dayL
21555,on-time
26352,>90dayL
50602,>90dayL
35602,>90dayL
27524,>90dayL
31220,on-time
88188,30-90dayL
77251,>90dayL
51711,>90dayL
84242,>90dayL
16397,on-time
51627,>90dayL
10600,on-time
9703,>90dayL
57564,on-time
79940,on-time
87720,7-30dayL
54757,>90dayL
50540,>90dayL
70371,>90dayL
85958,>90dayL
16566,>90dayL
92918,>90dayL
41755,on-time
51626,>90dayL
16839,30-90dayL
30661,>90dayL
6548,7-30dayL
82331,30-90dayL
38341,on-time
80590,7-30dayL
78937,>90dayL
82413,30-90dayL
77039,>90dayL
36838,on-time
30594,on-time
31196,on-time
92185,>90dayL
8170,on-time
26133,on-time
4798,>90dayL
5050,30-90dayL
86608,30-90dayL
88600,>90dayL
79930,on-time
89262,>90dayL
11395,on-time
26815,>90dayL
20211,on-time
35908,>90dayL
88227,>90dayL
44556,>90dayL
86442,30-90dayL
30664,>90dayL
79429,>90dayL
20947,>90dayL
25179,on-time
47916,>90dayL
26551,on-time
27648,>90dayL
53213,on-time
47889,>90dayL
48119,on-time
23701,7-30dayL
63996,>90dayL
22734,>90dayL
56804,>90dayL
34653,30-90dayL
33429,7-30dayL
1545,on-time
23924,on-time
5601,>90dayL
31000,>90dayL
55625,>90dayL
1957,on-time
2001,>90dayL
36772,>90dayL
39474,30-90dayL
86794,30-90dayL
12033,7-30dayL
29375,>90dayL
85130,30-90dayL
84899,7-30dayL
12115,>90dayL
9749,>90dayL
86813,on-time
78204,>90dayL
33717,on-time
34612,on-time
84555,30-90dayL
6002,>90dayL
33099,>90dayL
32310,>90dayL
88497,30-90dayL
44495,on-time
30027,on-time
40648,>90dayL
34412,>90dayL
83929,on-time
88394,>90dayL
51950,on-time
19025,on-time
12619,on-time
14856,on-time
14787,on-time
21094,>90dayL
89811,30-90dayL
50710,>90dayL
10527,on-time
41176,on-time
47366,7-30dayL
13189,>90dayL
44598,on-time
13296,on-time
19573,>90dayL
17610,on-time
47181,on-time
14739,>90dayL
63792,>90dayL
2911,on-time
42088,1-7dayL
42651,7-30dayL
87875,7-30dayL
58538,on-time
3162,>90dayL
52717,>90dayL
10528,on-time
1662,on-time
43223,on-time
36512,>90dayL
81707,>90dayL
32968,30-90dayL
24963,on-time
15687,>90dayL
46140,>90dayL
77808,>90dayL
84933,30-90dayL
8694,>90dayL
32887,on-time
58946,>90dayL
2525,>90dayL
25941,on-time
87607,>90dayL
709,>90dayL
20020,on-time
11073,>90dayL
50476,>90dayL
37345,on-time
1286,on-time
19093,on-time
87475,>90dayL
37311,>90dayL
23362,>90dayL
11784,30-90dayL
88647,7-30dayL
77096,1-7dayL
8082,on-time
54340,1-7dayL
49249,>90dayL
47475,>90dayL
49126,on-time
68240,30-90dayL
10653,on-time
45985,>90dayL
18663,>90dayL
48312,7-30dayL
27387,30-90dayL
14946,on-time
44713,1-7dayL
77327,>90dayL
59746,on-time
49869,>90dayL
25874,on-time
90495,>90dayL
80911,>90dayL
7645,1-7dayL
27999,on-time
33656,>90dayL
14839,on-time
15040,>90dayL
16379,on-time
87636,>90dayL
52038,1-7dayL
55719,on-time
18439,>90dayL
58944,>90dayL
60263,7-30dayL
16455,on-time
77014,30-90dayL
17791,on-time
39361,on-time
88095,>90dayL
8874,>90dayL
80848,30-90dayL
57378,>90dayL
79029,>90dayL
8134,on-time
27985,on-time
11696,7-30dayL
56216,on-time
47343,>90dayL
88649,>90dayL
29747,30-90dayL
5074,on-time
71667,>90dayL
55835,on-time
48641,on-time
54879,on-time
73153,>90dayL
23784,on-time
56493,>90dayL
33784,on-time
22606,on-time
5763,7-30dayL
34163,1-7dayL
2788,on-time
11319,on-time
34039,>90dayL
11574,30-90dayL
2446,>90dayL
57681,on-time
41772,on-time
42874,>90dayL
39004,30-90dayL
79290,1-7dayL
23941,on-time
9674,30-90dayL
3578,>90dayL
22972,7-30dayL
88389,>90dayL
2969,on-time
4308,on-time
31330,30-90dayL
9917,on-time
45038,30-90dayL
63789,>90dayL
88175,30-90dayL
88176,30-90dayL
26682,1-7dayL
34710,7-30dayL
24972,on-time
77980,>90dayL
51438,on-time
82860,30-90dayL
87476,>90dayL
32941,30-90dayL
46825,on-time
4446,>90dayL
11450,>90dayL
45714,>90dayL
48649,7-30dayL
63481,>90dayL
29610,>90dayL
29298,>90dayL
72108,>90dayL
21892,>90dayL
18580,>90dayL
20320,on-time
7567,30-90dayL
44231,>90dayL
89075,>90dayL
45836,>90dayL
42723,on-time
21544,on-time
19627,>90dayL
44377,on-time
44409,>90dayL
52828,>90dayL
86223,30-90dayL
34543,on-time
29147,on-time
33552,>90dayL
18405,>90dayL
15933,7-30dayL
53656,>90dayL
19011,on-time
86242,30-90dayL
16041,7-30dayL
46856,>90dayL
28182,on-time
57978,1-7dayL
90036,30-90dayL
65937,>90dayL
13697,1-7dayL
1237,on-time
29966,1-7dayL
1057,on-time
58578,30-90dayL
63409,>90dayL
10580,on-time
29296,>90dayL
81133,30-90dayL
83975,>90dayL
19807,30-90dayL
19699,30-90dayL
33545,>90dayL
9118,>90dayL
59734,30-90dayL
24643,>90dayL
2920,on-time
89196,>90dayL
24571,>90dayL
2041,>90dayL
35361,on-time
86012,30-90dayL
87223,>90dayL
11869,>90dayL
15004,on-time
28203,on-time
77811,>90dayL
55749,7-30dayL
23375,>90dayL
45016,>90dayL
26575,on-time
87468,>90dayL
84513,1-7dayL
4435,>90dayL
27937,on-time
14543,>90dayL
81802,on-time
92702,>90dayL
46460,on-time
78011,>90dayL
17484,on-time
2121,>90dayL
42016,>90dayL
15198,7-30dayL
83954,30-90dayL
59182,>90dayL
32567,>90dayL
67587,>90dayL
82658,>90dayL
28617,on-time
37325,7-30dayL
5017,30-90dayL
2107,>90dayL
33777,on-time
72157,>90dayL
39480,>90dayL
57527,30-90dayL
26163,on-time
3297,on-time
86050,on-time
45722,on-time
20769,on-time
9627,>90dayL
63304,>90dayL
33221,>90dayL
15283,30-90dayL
43678,7-30dayL
85320,on-time
80019,7-30dayL
47988,>90dayL
22280,>90dayL
46367,>90dayL
42752,on-time
34547,on-time
44883,>90dayL
38517,7-30dayL
54908,on-time
87888,>90dayL
30337,>90dayL
55500,>90dayL
17050,>90dayL
83962,7-30dayL
53888,7-30dayL
18306,on-time
34652,30-90dayL
14866,1-7dayL
5887,on-time
89924,30-90dayL
12047,on-time
63669,30-90dayL
50532,30-90dayL
81387,>90dayL
59084,>90dayL
37299,>90dayL
16542,1-7dayL
52898,on-time
49316,7-30dayL
81435,on-time
23577,7-30dayL
84285,>90dayL
24770,>90dayL
80736,30-90dayL
35276,on-time
43674,7-30dayL
31797,30-90dayL
59827,>90dayL
81945,on-time
7467,>90dayL
11141,30-90dayL
62881,30-90dayL
18561,>90dayL
36651,>90dayL
64065,30-90dayL
91241,>90dayL
27300,30-90dayL
31924,30-90dayL
88696,>90dayL
45922,>90dayL
15127,on-time
22840,on-time
72828,>90dayL
58075,7-30dayL
83352,30-90dayL
82945,30-90dayL
10884,30-90dayL
2796,on-time
9907,on-time
92650,>90dayL
86235,30-90dayL
35510,7-30dayL
39275,on-time
16095,on-time
12529,30-90dayL
19320,30-90dayL
14269,7-30dayL
10943,>90dayL
56796,>90dayL
24460,>90dayL
49769,>90dayL
36282,7-30dayL
48995,>90dayL
1305,on-time
57174,>90dayL
5585,>90dayL
72411,>90dayL
5196,on-time
20533,>90dayL
77102,7-30dayL
52870,on-time
64249,>90dayL
86320,>90dayL
54926,on-time
60099,on-time
30917,on-time
56179,30-90dayL
37543,>90dayL
77057,7-30dayL
87810,30-90dayL
52765,>90dayL
17162,>90dayL
40941,on-time
49264,>90dayL
91250,>90dayL
78798,>90dayL
7517,>90dayL
21119,30-90dayL
35175,>90dayL
14785,7-30dayL
33944,7-30dayL
26336,>90dayL
44175,>90dayL
84524,>90dayL
88097,>90dayL
88298,30-90dayL
33561,>90dayL
45305,>90dayL
23915,1-7dayL
82119,1-7dayL
51646,>90dayL
32398,>90dayL
42010,>90dayL
78623,>90dayL
34305,>90dayL
52627,>90dayL
88010,30-90dayL
77729,>90dayL
15676,>90dayL
29989,on-time
92815,>90dayL
74510,>90dayL
18880,on-time
67892,>90dayL
51704,>90dayL
65772,>90dayL
83657,>90dayL
101,>90dayL
11983,on-time
14104,>90dayL
90095,>90dayL
16406,on-time
1538,on-time
25469,30-90dayL
57332,>90dayL
57512,1-7dayL
89338,7-30dayL
13951,on-time
27558,>90dayL
21633,7-30dayL
38443,on-time
24277,>90dayL
52590,>90dayL
78692,on-time
4070,30-90dayL
87242,>90dayL
37855,7-30dayL
7547,7-30dayL
65649,>90dayL
5629,>90dayL
74604,>90dayL
22770,on-time
1114,on-time
14406,30-90dayL
3059,>90dayL
77309,>90dayL
30399,>90dayL
31053,30-90dayL
11644,>90dayL
53202,on-time
21311,on-time
42121,>90dayL
8902,30-90dayL
23328,>90dayL
43354,>90dayL
27196,on-time
41212,on-time
58050,30-90dayL
34272,on-time
78113,1-7dayL
82061,on-time
44515,7-30dayL
40131,on-time
37598,on-time
25580,>90dayL
17288,30-90dayL
88679,>90dayL
31952,7-30dayL
29126,>90dayL
28520,>90dayL
59120,>90dayL
1215,on-time
22829,on-time
40293,7-30dayL
15158,on-time
5054,on-time
14100,>90dayL
6637,7-30dayL
11675,>90dayL
38095,>90dayL
63263,30-90dayL
8506,>90dayL
15675,>90dayL
29887,30-90dayL
55255,on-time
24567,>90dayL
12954,>90dayL
48323,7-30dayL
80231,7-30dayL
87235,30-90dayL
32328,>90dayL
85046,30-90dayL
80352,30-90dayL
13986,on-time
79520,7-30dayL
82655,30-90dayL
37391,>90dayL
52906,30-90dayL
22612,on-time
83754,7-30dayL
21417,on-time
57247,>90dayL
15410,30-90dayL
71707,>90dayL
46343,>90dayL
25774,7-30dayL
25511,on-time
46306,>90dayL
19169,>90dayL
26603,7-30dayL
72155,>90dayL
11020,on-time
4064,30-90dayL
92741,>90dayL
3,30-90dayL
54245,30-90dayL
16947,on-time
74672,>90dayL
82168,on-time
86323,>90dayL
37057,7-30dayL
49887,>90dayL
61811,30-90dayL
17052,>90dayL
49899,>90dayL
3579,>90dayL
39501,>90dayL
87441,1-7dayL
1010,on-time
73958,>90dayL
18714,7-30dayL
27054,on-time
25462,>90dayL
31633,30-90dayL
51795,>90dayL
12010,on-time
54048,on-time
8249,on-time
9709,>90dayL
19864,>90dayL
57728,>90dayL
59309,30-90dayL
50068,on-time
16043,7-30dayL
59676,on-time
84752,1-7dayL
24074,on-time
79721,30-90dayL
76971,30-90dayL
15646,>90dayL
8246,on-time
56101,>90dayL
14057,>90dayL
80891,on-time
21375,on-time
9266,on-time
44338,on-time
58634,>90dayL
82770,on-time
58816,1-7dayL
51196,7-30dayL
58989,7-30dayL
82123,>90dayL
32357,>90dayL
2229,>90dayL
75435,>90dayL
49973,>90dayL
46692,30-90dayL
22722,on-time
26185,on-time
69642,30-90dayL
77162,1-7dayL
10638,on-time
20108,on-time
32703,on-time
10715,on-time
23206,30-90dayL
90043,30-90dayL
64451,>90dayL
91551,>90dayL
20196,on-time
46685,>90dayL
38302,>90dayL
77651,>90dayL
18917,on-time
45329,>90dayL
43652,on-time
44854,7-30dayL
89806,30-90dayL
89064,7-30dayL
25616,on-time
15663,>90dayL
52593,>90dayL
36921,on-time
5931,7-30dayL
83788,7-30dayL
81560,>90dayL
77302,>90dayL
24135,7-30dayL
13708,>90dayL
50276,on-time
80787,>90dayL
27903,30-90dayL
49665,>90dayL
48595,on-time
23977,>90dayL
44443,on-time
42052,7-30dayL
77711,1-7dayL
38741,30-90dayL
2543,>90dayL
11371,7-30dayL
22939,>90dayL
57059,on-time
26198,on-time
83176,30-90dayL
4028,30-90dayL
35871,30-90dayL
12102,>90dayL
30983,on-time
18521,>90dayL
11652,on-time
59083,>90dayL
35544,>90dayL
80562,30-90dayL
15512,>90dayL
22735,>90dayL
62048,>90dayL
57716,30-90dayL
18311,>90dayL
43174,on-time
47893,>90dayL
10029,on-time
44082,30-90dayL
4941,30-90dayL
11253,7-30dayL
41776,on-time
24890,on-time
13131,>90dayL
83355,7-30dayL
42811,>90dayL
51574,>90dayL
15142,on-time
40432,30-90dayL
67440,30-90dayL
44440,on-time
9180,on-time
56646,on-time
7257,7-30dayL
17492,on-time
58389,on-time
1868,on-time
44183,>90dayL
53826,>90dayL
104,>90dayL
80229,on-time
86157,>90dayL
706,>90dayL
41877,on-time
45582,>90dayL
5574,>90dayL
39375,on-time
10574,on-time
39559,1-7dayL
12400,7-30dayL
13242,7-30dayL
83020,30-90dayL
14822,on-time
32936,on-time
80206,>90dayL
20030,1-7dayL
6568,7-30dayL
22488,on-time
60675,30-90dayL
77041,>90dayL
26023,7-30dayL
24856,30-90dayL
36167,on-time
40785,30-90dayL
50222,>90dayL
14707,>90dayL
11992,on-time
77205,>90dayL
48256,>90dayL
9042,30-90dayL
86985,>90dayL
52974,on-time
30755,>90dayL
48182,>90dayL
8037,on-time
48581,30-90dayL
3435,30-90dayL
39090,>90dayL
6842,on-time
43679,7-30dayL
2284,>90dayL
2196,>90dayL
14589,7-30dayL
36206,7-30dayL
86259,30-90dayL
42421,30-90dayL
87697,30-90dayL
22597,on-time
41621,30-90dayL
77294,>90dayL
87394,30-90dayL
82252,30-90dayL
31594,1-7dayL
15583,on-time
38227,7-30dayL
46880,>90dayL
39062,>90dayL
50044,on-time
47623,>90dayL
45081,>90dayL
42921,>90dayL
21989,>90dayL
84946,30-90dayL
19541,30-90dayL
12415,>90dayL
31591,1-7dayL
78639,>90dayL
56542,on-time
50208,>90dayL
12621,on-time
27116,>90dayL
87849,30-90dayL
56315,>90dayL
44488,on-time
37330,on-time
30191,on-time
26173,on-time
12808,>90dayL
15202,7-30dayL
44261,>90dayL
33813,on-time
44536,7-30dayL
30157,1-7dayL
89427,>90dayL
86718,>90dayL
11393,7-30dayL
92292,>90dayL
42721,on-time
636,>90dayL
88523,>90dayL
59212,on-time
31208,on-time
24036,on-time
85025,30-90dayL
77663,>90dayL
33768,on-time
14505,>90dayL
88038,7-30dayL
83617,30-90dayL
81116,7-30dayL
6956,30-90dayL
47269,>90dayL
79744,>90dayL
39206,on-time
5400,>90dayL
18782,on-time
19023,on-time
14308,30-90dayL
50110,1-7dayL
57035,30-90dayL
38872,7-30dayL
40687,on-time
82985,>90dayL
81298,>90dayL
78936,>90dayL
76869,>90dayL
39171,>90dayL
89699,30-90dayL
50826,>90dayL
40187,on-time
51805,>90dayL
49416,>90dayL
21255,on-time
18586,>90dayL
21608,on-time
11314,on-time
78699,30-90dayL
4192,>90dayL
40387,7-30dayL
58284,>90dayL
56521,>90dayL
85523,30-90dayL
74670,>90dayL
15612,30-90dayL
83814,>90dayL
2376,>90dayL
78000,>90dayL
19590,30-90dayL
20360,on-time
7437,>90dayL
79559,7-30dayL
29601,30-90dayL
20479,>90dayL
45942,>90dayL
9345,on-time
10793,>90dayL
32070,on-time
1724,>90dayL
13664,on-time
2885,on-time
93074,>90dayL
24905,7-30dayL
83566,1-7dayL
1409,on-time
14516,>90dayL
84408,30-90dayL
81997,>90dayL
21217,7-30dayL
46069,>90dayL
63528,>90dayL
47234,1-7dayL
58526,on-time
27200,on-time
59900,>90dayL
20855,>90dayL
79880,30-90dayL
56729,on-time
49945,>90dayL
86836,on-time
23575,>90dayL
86503,30-90dayL
73511,>90dayL
78850,on-time
58943,>90dayL
24506,on-time
14668,30-90dayL
31131,>90dayL
7917,on-time
60789,>90dayL
35384,>90dayL
43637,on-time
43457,>90dayL
23732,on-time
41802,on-time
43445,>90dayL
57376,>90dayL
82531,>90dayL
67921,>90dayL
14372,>90dayL
29019,30-90dayL
78389,>90dayL
43622,on-time
31615,30-90dayL
30172,on-time
58508,7-30dayL
85122,7-30dayL
2217,>90dayL
81652,>90dayL
52206,on-time
22801,on-time
41970,7-30dayL
78170,30-90dayL
18431,>90dayL
28172,on-time
44492,on-time
56307,7-30dayL
79341,>90dayL
6484,>90dayL
83775,>90dayL
34866,30-90dayL
21355,on-time
83131,on-time
59410,on-time
87352,on-time
44432,>90dayL
10364,>90dayL
10482,>90dayL
18585,>90dayL
26043,on-time
5857,on-time
46828,on-time
77026,30-90dayL
77305,>90dayL
22068,>90dayL
44600,on-time
43750,>90dayL
47392,>90dayL
90092,>90dayL
34469,>90dayL
23914,1-7dayL
16461,on-time
52161,7-30dayL
33659,>90dayL
85500,30-90dayL
33634,7-30dayL
29167,on-time
81404,>90dayL
3254,on-time
24556,on-time
88708,>90dayL
37061,7-30dayL
2980,on-time
28506,>90dayL
46179,on-time
19184,7-30dayL
23990,on-time
54802,7-30dayL
89084,on-time
78468,30-90dayL
48826,>90dayL
83408,>90dayL
36931,on-time
23511,>90dayL
1911,>90dayL
16304,>90dayL
3053,>90dayL
59380,7-30dayL
4037,30-90dayL
27702,>90dayL
80313,>90dayL
38174,>90dayL
43762,>90dayL
17450,on-time
51126,>90dayL
78575,>90dayL
46420,on-time
38214,>90dayL
86924,30-90dayL
2080,>90dayL
33806,7-30dayL
51596,on-time
43737,on-time
8078,on-time
18976,>90dayL
36169,on-time
34717,7-30dayL
